"6.35","",""
"6","0","SB","6 mm","1/8""","Standard Bend","1"
"7","0","SB","7 mm","3/16""","Standard Bend","0.96"
"8","0","SB","8 mm","1/4""","Standard Bend","0.92"
"9","0","SB","9 mm","5/16""","Standard Bend","0.92"
"10","0","SB","10 mm","3/8""","Standard Bend","0.87"
"12","0","SB","12 mm","7/16""","Standard Bend","0.84"
"15","0","SB","15 mm","1/2""","Standard Bend","0.81"
"18","0","SB","18 mm","5/8""","Standard Bend","0.78"
"20","0","SB","20 mm","3/4""","Standard Bend","0.75"
"22","0","SB","22 mm","7/8""","Standard Bend","0.73"
"25","0","SB","25 mm","1""","Standard Bend","0.69"
"32","0","SB","32 mm","1-1/4""","Standard Bend","0.66"
"40","0","SB","40 mm","1-1/2""","Standard Bend","0.63"
"50","0","SB","50 mm","2""","Standard Bend","0.57"
"65","0","SB","65 mm","2-1/2""","Standard Bend","0.54"
"80","0","SB","80 mm","3""","Standard Bend","0.53"
"90","0","SB","90 mm","3-1/2""","Standard Bend","0.52"
"100","0","SB","100 mm","4""","Standard Bend","0.51"
"125","0","SB","125 mm","5""","Standard Bend","0.49"
"150","0","SB","150 mm","6""","Standard Bend","0.45"
"200","0","SB","200 mm","8""","Standard Bend","0.42"
"250","0","SB","250 mm","10""","Standard Bend","0.42"
"300","0","SB","300 mm","12""","Standard Bend","0.39"
"350","0","SB","350 mm","14""","Standard Bend","0.39"
"380","0","SB","380 mm","15""","Standard Bend","0.39"
"400","0","SB","400 mm","16""","Standard Bend","0.39"
"450","0","SB","450 mm","18""","Standard Bend","0.36"
"500","0","SB","500 mm","20""","Standard Bend","0.36"
"550","0","SB","550 mm","22""","Standard Bend","0.36"
"600","0","SB","600 mm","24""","Standard Bend","0.36"
"650","0","SB","650 mm","26""","Standard Bend","0.36"
"700","0","SB","700 mm","28""","Standard Bend","0.36"
"750","0","SB","750 mm","30""","Standard Bend","0.36"
"800","0","SB","800 mm","32""","Standard Bend","0.36"
"850","0","SB","850 mm","34""","Standard Bend","0.36"
"900","0","SB","900 mm","36""","Standard Bend","0.36"
"950","0","SB","950 mm","38""","Standard Bend","0.36"
"1000","0","SB","1000 mm","40""","Standard Bend","0.36"
"1050","0","SB","1050 mm","42""","Standard Bend","0.36"
"1200","0","SB","1200 mm","48""","Standard Bend","0.36"
"1400","0","SB","1400 mm","54""","Standard Bend","0.36"
"1500","0","SB","1500 mm","60""","Standard Bend","0.36"
"1800","0","SB","1800 mm","72""","Standard Bend","0.36"
"2100","0","SB","2100 mm","84""","Standard Bend","0.36"
"6","1","LB","6 mm","1/8""","Long Bend","0.59"
"7","1","LB","7 mm","3/16""","Long Bend","0.55"
"8","1","LB","8 mm","1/4""","Long Bend","0.49"
"9","1","LB","9 mm","5/16""","Long Bend","0.49"
"10","1","LB","10 mm","3/8""","Long Bend","0.46"
"12","1","LB","12 mm","7/16""","Long Bend","0.44"
"15","1","LB","15 mm","1/2""","Long Bend","0.43"
"18","1","LB","18 mm","5/8""","Long Bend","0.42"
"20","1","LB","20 mm","3/4""","Long Bend","0.4"
"22","1","LB","22 mm","7/8""","Long Bend","0.39"
"25","1","LB","25 mm","1""","Long Bend","0.37"
"32","1","LB","32 mm","1-1/4""","Long Bend","0.35"
"40","1","LB","40 mm","1-1/2""","Long Bend","0.34"
"50","1","LB","50 mm","2""","Long Bend","0.3"
"65","1","LB","65 mm","2-1/2""","Long Bend","0.29"
"80","1","LB","80 mm","3""","Long Bend","0.28"
"90","1","LB","90 mm","3-1/2""","Long Bend","0.28"
"100","1","LB","100 mm","4""","Long Bend","0.27"
"125","1","LB","125 mm","5""","Long Bend","0.26"
"150","1","LB","150 mm","6""","Long Bend","0.24"
"200","1","LB","200 mm","8""","Long Bend","0.22"
"250","1","LB","250 mm","10""","Long Bend","0.22"
"300","1","LB","300 mm","12""","Long Bend","0.21"
"350","1","LB","350 mm","14""","Long Bend","0.21"
"380","1","LB","380 mm","15""","Long Bend","0.21"
"400","1","LB","400 mm","16""","Long Bend","0.21"
"450","1","LB","450 mm","18""","Long Bend","0.19"
"500","1","LB","500 mm","20""","Long Bend","0.19"
"550","1","LB","550 mm","22""","Long Bend","0.19"
"600","1","LB","600 mm","24""","Long Bend","0.19"
"650","1","LB","650 mm","26""","Long Bend","0.19"
"700","1","LB","700 mm","28""","Long Bend","0.19"
"750","1","LB","750 mm","30""","Long Bend","0.19"
"800","1","LB","800 mm","32""","Long Bend","0.19"
"850","1","LB","850 mm","34""","Long Bend","0.19"
"900","1","LB","900 mm","36""","Long Bend","0.19"
"950","1","LB","950 mm","38""","Long Bend","0.19"
"1000","1","LB","1000 mm","40""","Long Bend","0.19"
"1050","1","LB","1050 mm","42""","Long Bend","0.19"
"1200","1","LB","1200 mm","48""","Long Bend","0.19"
"1400","1","LB","1400 mm","54""","Long Bend","0.19"
"1500","1","LB","1500 mm","60""","Long Bend","0.19"
"1800","1","LB","1800 mm","72""","Long Bend","0.19"
"2100","1","LB","2100 mm","84""","Long Bend","0.19"
"6","2","PB","6 mm","1/8""","Pipe Bend","0.4"
"7","2","PB","7 mm","3/16""","Pipe Bend","0.38"
"8","2","PB","8 mm","1/4""","Pipe Bend","0.36"
"9","2","PB","9 mm","5/16""","Pipe Bend","0.36"
"10","2","PB","10 mm","3/8""","Pipe Bend","0.34"
"12","2","PB","12 mm","7/16""","Pipe Bend","0.33"
"15","2","PB","15 mm","1/2""","Pipe Bend","0.32"
"18","2","PB","18 mm","5/8""","Pipe Bend","0.31"
"20","2","PB","20 mm","3/4""","Pipe Bend","0.3"
"22","2","PB","22 mm","7/8""","Pipe Bend","0.29"
"25","2","PB","25 mm","1""","Pipe Bend","0.28"
"32","2","PB","32 mm","1-1/4""","Pipe Bend","0.26"
"40","2","PB","40 mm","1-1/2""","Pipe Bend","0.25"
"50","2","PB","50 mm","2""","Pipe Bend","0.23"
"65","2","PB","65 mm","2-1/2""","Pipe Bend","0.22"
"80","2","PB","80 mm","3""","Pipe Bend","0.21"
"90","2","PB","90 mm","3-1/2""","Pipe Bend","0.21"
"100","2","PB","100 mm","4""","Pipe Bend","0.2"
"125","2","PB","125 mm","5""","Pipe Bend","0.19"
"150","2","PB","150 mm","6""","Pipe Bend","0.18"
"200","2","PB","200 mm","8""","Pipe Bend","0.17"
"250","2","PB","250 mm","10""","Pipe Bend","0.16"
"300","2","PB","300 mm","12""","Pipe Bend","0.16"
"350","2","PB","350 mm","14""","Pipe Bend","0.16"
"380","2","PB","380 mm","15""","Pipe Bend","0.16"
"400","2","PB","400 mm","16""","Pipe Bend","0.16"
"450","2","PB","450 mm","18""","Pipe Bend","0.17"
"500","2","PB","500 mm","20""","Pipe Bend","0.17"
"550","2","PB","550 mm","22""","Pipe Bend","0.17"
"600","2","PB","600 mm","24""","Pipe Bend","0.17"
"650","2","PB","650 mm","26""","Pipe Bend","0.17"
"700","2","PB","700 mm","28""","Pipe Bend","0.17"
"750","2","PB","750 mm","30""","Pipe Bend","0.17"
"800","2","PB","800 mm","32""","Pipe Bend","0.17"
"850","2","PB","850 mm","34""","Pipe Bend","0.17"
"900","2","PB","900 mm","36""","Pipe Bend","0.17"
"950","2","PB","950 mm","38""","Pipe Bend","0.17"
"1000","2","PB","1000 mm","40""","Pipe Bend","0.17"
"1050","2","PB","1050 mm","42""","Pipe Bend","0.17"
"1200","2","PB","1200 mm","48""","Pipe Bend","0.17"
"1400","2","PB","1400 mm","54""","Pipe Bend","0.17"
"1500","2","PB","1500 mm","60""","Pipe Bend","0.17"
"1800","2","PB","1800 mm","72""","Pipe Bend","0.17"
"2100","2","PB","2100 mm","84""","Pipe Bend","0.17"
"6","3","E45","6 mm","1/8""","Elbow 45 deg.","0.55"
"7","3","E45","7 mm","3/16""","Elbow 45 deg.","0.52"
"8","3","E45","8 mm","1/4""","Elbow 45 deg.","0.49"
"9","3","E45","9 mm","5/16""","Elbow 45 deg.","0.49"
"10","3","E45","10 mm","3/8""","Elbow 45 deg.","0.46"
"12","3","E45","12 mm","7/16""","Elbow 45 deg.","0.45"
"15","3","E45","15 mm","1/2""","Elbow 45 deg.","0.43"
"18","3","E45","18 mm","5/8""","Elbow 45 deg.","0.42"
"20","3","E45","20 mm","3/4""","Elbow 45 deg.","0.4"
"22","3","E45","22 mm","7/8""","Elbow 45 deg.","0.39"
"25","3","E45","25 mm","1""","Elbow 45 deg.","0.37"
"32","3","E45","32 mm","1-1/4""","Elbow 45 deg.","0.35"
"40","3","E45","40 mm","1-1/2""","Elbow 45 deg.","0.34"
"50","3","E45","50 mm","2""","Elbow 45 deg.","0.3"
"65","3","E45","65 mm","2-1/2""","Elbow 45 deg.","0.29"
"80","3","E45","80 mm","3""","Elbow 45 deg.","0.28"
"90","3","E45","90 mm","3-1/2""","Elbow 45 deg.","0.28"
"100","3","E45","100 mm","4""","Elbow 45 deg.","0.27"
"125","3","E45","125 mm","5""","Elbow 45 deg.","0.25"
"150","3","E45","150 mm","6""","Elbow 45 deg.","0.24"
"200","3","E45","200 mm","8""","Elbow 45 deg.","0.22"
"250","3","E45","250 mm","10""","Elbow 45 deg.","0.22"
"300","3","E45","300 mm","12""","Elbow 45 deg.","0.21"
"350","3","E45","350 mm","14""","Elbow 45 deg.","0.21"
"380","3","E45","380 mm","15""","Elbow 45 deg.","0.21"
"400","3","E45","400 mm","16""","Elbow 45 deg.","0.21"
"450","3","E45","450 mm","18""","Elbow 45 deg.","0.19"
"500","3","E45","500 mm","20""","Elbow 45 deg.","0.19"
"550","3","E45","550 mm","22""","Elbow 45 deg.","0.19"
"600","3","E45","600 mm","24""","Elbow 45 deg.","0.19"
"650","3","E45","650 mm","26""","Elbow 45 deg.","0.19"
"700","3","E45","700 mm","28""","Elbow 45 deg.","0.19"
"750","3","E45","750 mm","30""","Elbow 45 deg.","0.19"
"800","3","E45","800 mm","32""","Elbow 45 deg.","0.19"
"850","3","E45","850 mm","34""","Elbow 45 deg.","0.19"
"900","3","E45","900 mm","36""","Elbow 45 deg.","0.19"
"950","3","E45","950 mm","38""","Elbow 45 deg.","0.19"
"1000","3","E45","1000 mm","40""","Elbow 45 deg.","0.19"
"1050","3","E45","1050 mm","42""","Elbow 45 deg.","0.19"
"1200","3","E45","1200 mm","48""","Elbow 45 deg.","0.19"
"1400","3","E45","1400 mm","54""","Elbow 45 deg.","0.19"
"1500","3","E45","1500 mm","60""","Elbow 45 deg.","0.19"
"1800","3","E45","1800 mm","72""","Elbow 45 deg.","0.19"
"2100","3","E45","2100 mm","84""","Elbow 45 deg.","0.19"
"6","4","RB","6 mm","1/8""","Return Bend","1.7"
"7","4","RB","7 mm","3/16""","Return Bend","1.65"
"8","4","RB","8 mm","1/4""","Return Bend","1.59"
"9","4","RB","9 mm","5/16""","Return Bend","1.59"
"10","4","RB","10 mm","3/8""","Return Bend","1.45"
"12","4","RB","12 mm","7/16""","Return Bend","1.4"
"15","4","RB","15 mm","1/2""","Return Bend","1.35"
"18","4","RB","18 mm","5/8""","Return Bend","1.3"
"20","4","RB","20 mm","3/4""","Return Bend","1.25"
"22","4","RB","22 mm","7/8""","Return Bend","1.2"
"25","4","RB","25 mm","1""","Return Bend","1.15"
"32","4","RB","32 mm","1-1/4""","Return Bend","1.1"
"40","4","RB","40 mm","1-1/2""","Return Bend","1.05"
"50","4","RB","50 mm","2""","Return Bend","0.95"
"65","4","RB","65 mm","2-1/2""","Return Bend","0.9"
"80","4","RB","80 mm","3""","Return Bend","0.89"
"90","4","RB","90 mm","3-1/2""","Return Bend","0.86"
"100","4","RB","100 mm","4""","Return Bend","0.85"
"125","4","RB","125 mm","5""","Return Bend","0.81"
"150","4","RB","150 mm","6""","Return Bend","0.75"
"200","4","RB","200 mm","8""","Return Bend","0.7"
"250","4","RB","250 mm","10""","Return Bend","0.7"
"300","4","RB","300 mm","12""","Return Bend","0.65"
"350","4","RB","350 mm","14""","Return Bend","0.65"
"380","4","RB","380 mm","15""","Return Bend","0.65"
"400","4","RB","400 mm","16""","Return Bend","0.65"
"450","4","RB","450 mm","18""","Return Bend","0.6"
"500","4","RB","500 mm","20""","Return Bend","0.6"
"550","4","RB","550 mm","22""","Return Bend","0.6"
"600","4","RB","600 mm","24""","Return Bend","0.6"
"650","4","RB","650 mm","26""","Return Bend","0.6"
"700","4","RB","700 mm","28""","Return Bend","0.6"
"750","4","RB","750 mm","30""","Return Bend","0.6"
"800","4","RB","800 mm","32""","Return Bend","0.6"
"850","4","RB","850 mm","34""","Return Bend","0.6"
"900","4","RB","900 mm","36""","Return Bend","0.6"
"950","4","RB","950 mm","38""","Return Bend","0.6"
"1000","4","RB","1000 mm","40""","Return Bend","0.6"
"1050","4","RB","1050 mm","42""","Return Bend","0.6"
"1200","4","RB","1200 mm","48""","Return Bend","0.6"
"1400","4","RB","1400 mm","54""","Return Bend","0.6"
"1500","4","RB","1500 mm","60""","Return Bend","0.6"
"1800","4","RB","1800 mm","72""","Return Bend","0.6"
"2100","4","RB","2100 mm","84""","Return Bend","0.6"
"6","5","MB45","6 mm","1/8""","Mitre Bend 45 deg.","0.58"
"7","5","MB45","7 mm","3/16""","Mitre Bend 45 deg.","0.54"
"8","5","MB45","8 mm","1/4""","Mitre Bend 45 deg.","0.48"
"9","5","MB45","9 mm","5/16""","Mitre Bend 45 deg.","0.48"
"10","5","MB45","10 mm","3/8""","Mitre Bend 45 deg.","0.44"
"12","5","MB45","12 mm","7/16""","Mitre Bend 45 deg.","0.42"
"15","5","MB45","15 mm","1/2""","Mitre Bend 45 deg.","0.41"
"18","5","MB45","18 mm","5/8""","Mitre Bend 45 deg.","0.4"
"20","5","MB45","20 mm","3/4""","Mitre Bend 45 deg.","0.38"
"22","5","MB45","22 mm","7/8""","Mitre Bend 45 deg.","0.37"
"25","5","MB45","25 mm","1""","Mitre Bend 45 deg.","0.35"
"32","5","MB45","32 mm","1-1/4""","Mitre Bend 45 deg.","0.33"
"40","5","MB45","40 mm","1-1/2""","Mitre Bend 45 deg.","0.32"
"50","5","MB45","50 mm","2""","Mitre Bend 45 deg.","0.29"
"65","5","MB45","65 mm","2-1/2""","Mitre Bend 45 deg.","0.27"
"80","5","MB45","80 mm","3""","Mitre Bend 45 deg.","0.27"
"90","5","MB45","90 mm","3-1/2""","Mitre Bend 45 deg.","0.27"
"100","5","MB45","100 mm","4""","Mitre Bend 45 deg.","0.26"
"125","5","MB45","125 mm","5""","Mitre Bend 45 deg.","0.25"
"150","5","MB45","150 mm","6""","Mitre Bend 45 deg.","0.23"
"200","5","MB45","200 mm","8""","Mitre Bend 45 deg.","0.21"
"250","5","MB45","250 mm","10""","Mitre Bend 45 deg.","0.21"
"300","5","MB45","300 mm","12""","Mitre Bend 45 deg.","0.2"
"350","5","MB45","350 mm","14""","Mitre Bend 45 deg.","0.2"
"380","5","MB45","380 mm","15""","Mitre Bend 45 deg.","0.2"
"400","5","MB45","400 mm","16""","Mitre Bend 45 deg.","0.2"
"450","5","MB45","450 mm","18""","Mitre Bend 45 deg.","0.18"
"500","5","MB45","500 mm","20""","Mitre Bend 45 deg.","0.18"
"550","5","MB45","550 mm","22""","Mitre Bend 45 deg.","0.18"
"600","5","MB45","600 mm","24""","Mitre Bend 45 deg.","0.18"
"650","5","MB45","650 mm","26""","Mitre Bend 45 deg.","0.18"
"700","5","MB45","700 mm","28""","Mitre Bend 45 deg.","0.18"
"750","5","MB45","750 mm","30""","Mitre Bend 45 deg.","0.18"
"800","5","MB45","800 mm","32""","Mitre Bend 45 deg.","0.18"
"850","5","MB45","850 mm","34""","Mitre Bend 45 deg.","0.18"
"900","5","MB45","900 mm","36""","Mitre Bend 45 deg.","0.18"
"950","5","MB45","950 mm","38""","Mitre Bend 45 deg.","0.18"
"1000","5","MB45","1000 mm","40""","Mitre Bend 45 deg.","0.18"
"1050","5","MB45","1050 mm","42""","Mitre Bend 45 deg.","0.18"
"1200","5","MB45","1200 mm","48""","Mitre Bend 45 deg.","0.18"
"1400","5","MB45","1400 mm","54""","Mitre Bend 45 deg.","0.18"
"1500","5","MB45","1500 mm","60""","Mitre Bend 45 deg.","0.18"
"1800","5","MB45","1800 mm","72""","Mitre Bend 45 deg.","0.18"
"2100","5","MB45","2100 mm","84""","Mitre Bend 45 deg.","0.18"
"6","6","MB90","6 mm","1/8""","Mitre Bend 90 deg.","2"
"7","6","MB90","7 mm","3/16""","Mitre Bend 90 deg.","1.95"
"8","6","MB90","8 mm","1/4""","Mitre Bend 90 deg.","1.9"
"9","6","MB90","9 mm","5/16""","Mitre Bend 90 deg.","1.9"
"10","6","MB90","10 mm","3/8""","Mitre Bend 90 deg.","1.75"
"12","6","MB90","12 mm","7/16""","Mitre Bend 90 deg.","1.69"
"15","6","MB90","15 mm","1/2""","Mitre Bend 90 deg.","1.62"
"18","6","MB90","18 mm","5/8""","Mitre Bend 90 deg.","1.56"
"20","6","MB90","20 mm","3/4""","Mitre Bend 90 deg.","1.5"
"22","6","MB90","22 mm","7/8""","Mitre Bend 90 deg.","1.44"
"25","6","MB90","25 mm","1""","Mitre Bend 90 deg.","1.38"
"32","6","MB90","32 mm","1-1/4""","Mitre Bend 90 deg.","1.32"
"40","6","MB90","40 mm","1-1/2""","Mitre Bend 90 deg.","1.26"
"50","6","MB90","50 mm","2""","Mitre Bend 90 deg.","1.14"
"65","6","MB90","65 mm","2-1/2""","Mitre Bend 90 deg.","1.08"
"80","6","MB90","80 mm","3""","Mitre Bend 90 deg.","1.06"
"90","6","MB90","90 mm","3-1/2""","Mitre Bend 90 deg.","1.04"
"100","6","MB90","100 mm","4""","Mitre Bend 90 deg.","1.02"
"125","6","MB90","125 mm","5""","Mitre Bend 90 deg.","0.96"
"150","6","MB90","150 mm","6""","Mitre Bend 90 deg.","0.9"
"200","6","MB90","200 mm","8""","Mitre Bend 90 deg.","0.84"
"250","6","MB90","250 mm","10""","Mitre Bend 90 deg.","0.84"
"300","6","MB90","300 mm","12""","Mitre Bend 90 deg.","0.78"
"350","6","MB90","350 mm","14""","Mitre Bend 90 deg.","0.78"
"380","6","MB90","380 mm","15""","Mitre Bend 90 deg.","0.78"
"400","6","MB90","400 mm","16""","Mitre Bend 90 deg.","0.78"
"450","6","MB90","450 mm","18""","Mitre Bend 90 deg.","0.72"
"500","6","MB90","500 mm","20""","Mitre Bend 90 deg.","0.72"
"550","6","MB90","550 mm","22""","Mitre Bend 90 deg.","0.72"
"600","6","MB90","600 mm","24""","Mitre Bend 90 deg.","0.72"
"650","6","MB90","650 mm","26""","Mitre Bend 90 deg.","0.72"
"700","6","MB90","700 mm","28""","Mitre Bend 90 deg.","0.72"
"750","6","MB90","750 mm","30""","Mitre Bend 90 deg.","0.72"
"800","6","MB90","800 mm","32""","Mitre Bend 90 deg.","0.72"
"850","6","MB90","850 mm","34""","Mitre Bend 90 deg.","0.72"
"900","6","MB90","900 mm","36""","Mitre Bend 90 deg.","0.72"
"500","6","MB90","950 mm","38""","Mitre Bend 90 deg.","0.72"
"1000","6","MB90","1000 mm","40""","Mitre Bend 90 deg.","0.72"
"1050","6","MB90","1050 mm","42""","Mitre Bend 90 deg.","0.72"
"1200","6","MB90","1200 mm","48""","Mitre Bend 90 deg.","0.72"
"1400","6","MB90","1400 mm","54""","Mitre Bend 90 deg.","0.72"
"1500","6","MB90","1500 mm","60""","Mitre Bend 90 deg.","0.72"
"1800","6","MB90","1800 mm","72""","Mitre Bend 90 deg.","0.72"
"2100","6","MB90","2100 mm","84""","Mitre Bend 90 deg.","0.72"
"6","7","Gate","6 mm","1/8""","Gate Valve","0.3"
"7","7","Gate","7 mm","3/16""","Gate Valve","0.3"
"8","7","Gate","8 mm","1/4""","Gate Valve","0.27"
"9","7","Gate","9 mm","5/16""","Gate Valve","0.27"
"10","7","Gate","10 mm","3/8""","Gate Valve","0.24"
"12","7","Gate","12 mm","7/16""","Gate Valve","0.23"
"15","7","Gate","15 mm","1/2""","Gate Valve","0.22"
"18","7","Gate","18 mm","5/8""","Gate Valve","0.21"
"20","7","Gate","20 mm","3/4""","Gate Valve","0.2"
"22","7","Gate","22 mm","7/8""","Gate Valve","0.19"
"25","7","Gate","25 mm","1""","Gate Valve","0.18"
"32","7","Gate","32 mm","1-1/4""","Gate Valve","0.18"
"40","7","Gate","40 mm","1-1/2""","Gate Valve","0.15"
"50","7","Gate","50 mm","2""","Gate Valve","0.15"
"65","7","Gate","65 mm","2-1/2""","Gate Valve","0.14"
"80","7","Gate","80 mm","3""","Gate Valve","0.14"
"90","7","Gate","90 mm","3-1/2""","Gate Valve","0.14"
"100","7","Gate","100 mm","4""","Gate Valve","0.14"
"125","7","Gate","125 mm","5""","Gate Valve","0.13"
"150","7","Gate","150 mm","6""","Gate Valve","0.12"
"200","7","Gate","200 mm","8""","Gate Valve","0.11"
"250","7","Gate","250 mm","10""","Gate Valve","0.11"
"300","7","Gate","300 mm","12""","Gate Valve","0.1"
"350","7","Gate","350 mm","14""","Gate Valve","0.1"
"380","7","Gate","380 mm","15""","Gate Valve","0.1"
"400","7","Gate","400 mm","16""","Gate Valve","0.1"
"450","7","Gate","450 mm","18""","Gate Valve","0.1"
"500","7","Gate","500 mm","20""","Gate Valve","0.1"
"550","7","Gate","550 mm","22""","Gate Valve","0.1"
"600","7","Gate","600 mm","24""","Gate Valve","0.1"
"650","7","Gate","650 mm","26""","Gate Valve","0.1"
"700","7","Gate","700 mm","28""","Gate Valve","0.1"
"750","7","Gate","750 mm","30""","Gate Valve","0.1"
"800","7","Gate","800 mm","32""","Gate Valve","0.1"
"850","7","Gate","850 mm","34""","Gate Valve","0.1"
"900","7","Gate","900 mm","36""","Gate Valve","0.1"
"950","7","Gate","950 mm","38""","Gate Valve","0.1"
"1000","7","Gate","1000 mm","40""","Gate Valve","0.1"
"1050","7","Gate","1050 mm","42""","Gate Valve","0.1"
"1200","7","Gate","1200 mm","48""","Gate Valve","0.1"
"1400","7","Gate","1400 mm","54""","Gate Valve","0.1"
"1500","7","Gate","1500 mm","60""","Gate Valve","0.1"
"1800","7","Gate","1800 mm","72""","Gate Valve","0.1"
"2100","7","Gate","2100 mm","84""","Gate Valve","0.1"
"6","8","Globe","6 mm","1/8""","Globe Valve","12"
"7","8","Globe","7 mm","3/16""","Globe Valve","12"
"8","8","Globe","8 mm","1/4""","Globe Valve","11"
"9","8","Globe","9 mm","5/16""","Globe Valve","11"
"10","8","Globe","10 mm","3/8""","Globe Valve","9.9"
"12","8","Globe","12 mm","7/16""","Globe Valve","9.6"
"15","8","Globe","15 mm","1/2""","Globe Valve","9.2"
"18","8","Globe","18 mm","5/8""","Globe Valve","8.9"
"20","8","Globe","20 mm","3/4""","Globe Valve","8.5"
"22","8","Globe","22 mm","7/8""","Globe Valve","8.2"
"25","8","Globe","25 mm","1""","Globe Valve","7.8"
"32","8","Globe","32 mm","1-1/4""","Globe Valve","7.5"
"40","8","Globe","40 mm","1-1/2""","Globe Valve","7.1"
"50","8","Globe","50 mm","2""","Globe Valve","6.5"
"65","8","Globe","65 mm","2-1/2""","Globe Valve","6.1"
"80","8","Globe","80 mm","3""","Globe Valve","6"
"90","8","Globe","90 mm","3-1/2""","Globe Valve","5.9"
"100","8","Globe","100 mm","4""","Globe Valve","5.8"
"125","8","Globe","125 mm","5""","Globe Valve","5.5"
"150","8","Globe","150 mm","6""","Globe Valve","5.1"
"200","8","Globe","200 mm","8""","Globe Valve","4.8"
"250","8","Globe","250 mm","10""","Globe Valve","4.8"
"300","8","Globe","300 mm","12""","Globe Valve","4.4"
"350","8","Globe","350 mm","14""","Globe Valve","4.4"
"380","8","Globe","380 mm","15""","Globe Valve","4.4"
"400","8","Globe","400 mm","16""","Globe Valve","4.4"
"450","8","Globe","450 mm","18""","Globe Valve","4.1"
"500","8","Globe","500 mm","20""","Globe Valve","4.1"
"550","8","Globe","550 mm","22""","Globe Valve","4.1"
"600","8","Globe","600 mm","24""","Globe Valve","4.1"
"650","8","Globe","650 mm","26""","Globe Valve","4.1"
"700","8","Globe","700 mm","28""","Globe Valve","4.1"
"750","8","Globe","750 mm","30""","Globe Valve","4.1"
"800","8","Globe","800 mm","32""","Globe Valve","4.1"
"850","8","Globe","850 mm","34""","Globe Valve","4.1"
"900","8","Globe","900 mm","36""","Globe Valve","4.1"
"950","8","Globe","950 mm","38""","Globe Valve","4.1"
"1000","8","Globe","1000 mm","40""","Globe Valve","4.1"
"1050","8","Globe","1050 mm","42""","Globe Valve","4.1"
"1200","8","Globe","1200 mm","48""","Globe Valve","4.1"
"1400","8","Globe","1400 mm","54""","Globe Valve","4.1"
"1500","8","Globe","1500 mm","60""","Globe Valve","4.1"
"1800","8","Globe","1800 mm","72""","Globe Valve","4.1"
"2100","8","Globe","2100 mm","84""","Globe Valve","4.1"
"6","9","Angle","6 mm","1/8""","Globe Valve Angled","5"
"7","9","Angle","7 mm","3/16""","Globe Valve Angled","4.9"
"8","9","Angle","8 mm","1/4""","Globe Valve Angled","4.8"
"9","9","Angle","9 mm","5/16""","Globe Valve Angled","4.8"
"10","9","Angle","10 mm","3/8""","Globe Valve Angled","4.4"
"12","9","Angle","12 mm","7/16""","Globe Valve Angled","4.2"
"15","9","Angle","15 mm","1/2""","Globe Valve Angled","4.05"
"18","9","Angle","18 mm","5/8""","Globe Valve Angled","4.05"
"20","9","Angle","20 mm","3/4""","Globe Valve Angled","3.75"
"22","9","Angle","22 mm","7/8""","Globe Valve Angled","3.65"
"25","9","Angle","25 mm","1""","Globe Valve Angled","3.45"
"32","9","Angle","32 mm","1-1/4""","Globe Valve Angled","3.3"
"40","9","Angle","40 mm","1-1/2""","Globe Valve Angled","3.15"
"50","9","Angle","50 mm","2""","Globe Valve Angled","2.85"
"65","9","Angle","65 mm","2-1/2""","Globe Valve Angled","2.7"
"80","9","Angle","80 mm","3""","Globe Valve Angled","2.65"
"90","9","Angle","90 mm","3-1/2""","Globe Valve Angled","2.6"
"100","9","Angle","100 mm","4""","Globe Valve Angled","2.55"
"125","9","Angle","125 mm","5""","Globe Valve Angled","2.4"
"150","9","Angle","150 mm","6""","Globe Valve Angled","2.25"
"200","9","Angle","200 mm","8""","Globe Valve Angled","2.1"
"250","9","Angle","250 mm","10""","Globe Valve Angled","2.1"
"300","9","Angle","300 mm","12""","Globe Valve Angled","1.95"
"350","9","Angle","350 mm","14""","Globe Valve Angled","1.95"
"380","9","Angle","380 mm","15""","Globe Valve Angled","1.95"
"400","9","Angle","400 mm","16""","Globe Valve Angled","1.95"
"450","9","Angle","450 mm","18""","Globe Valve Angled","1.8"
"500","9","Angle","500 mm","20""","Globe Valve Angled","1.8"
"550","9","Angle","550 mm","22""","Globe Valve Angled","1.8"
"600","9","Angle","600 mm","24""","Globe Valve Angled","1.8"
"650","9","Angle","650 mm","26""","Globe Valve Angled","1.8"
"700","9","Angle","700 mm","28""","Globe Valve Angled","1.8"
"750","9","Angle","750 mm","30""","Globe Valve Angled","1.8"
"800","9","Angle","800 mm","32""","Globe Valve Angled","1.8"
"850","9","Angle","850 mm","34""","Globe Valve Angled","1.8"
"900","9","Angle","900 mm","36""","Globe Valve Angled","1.8"
"950","9","Angle","950 mm","38""","Globe Valve Angled","1.8"
"1000","9","Angle","1000 mm","40""","Globe Valve Angled","1.8"
"1050","9","Angle","1050 mm","42""","Globe Valve Angled","1.8"
"1200","9","Angle","1200 mm","48""","Globe Valve Angled","1.8"
"1400","9","Angle","1400 mm","54""","Globe Valve Angled","1.8"
"1500","9","Angle","1500 mm","60""","Globe Valve Angled","1.8"
"1800","9","Angle","1800 mm","72""","Globe Valve Angled","1.8"
"2100","9","Angle","2100 mm","84""","Globe Valve Angled","1.8"
"6","10","Plug","6 mm","1/8""","Plug Valve Straightway","0.64"
"7","10","Plug","7 mm","3/16""","Plug Valve Straightway","0.6"
"8","10","Plug","8 mm","1/4""","Plug Valve Straightway","0.58"
"9","10","Plug","9 mm","5/16""","Plug Valve Straightway","0.58"
"10","10","Plug","10 mm","3/8""","Plug Valve Straightway","0.53"
"12","10","Plug","12 mm","7/16""","Plug Valve Straightway","0.51"
"15","10","Plug","15 mm","1/2""","Plug Valve Straightway","0.49"
"18","10","Plug","18 mm","5/8""","Plug Valve Straightway","0.47"
"20","10","Plug","20 mm","3/4""","Plug Valve Straightway","0.45"
"22","10","Plug","22 mm","7/8""","Plug Valve Straightway","0.43"
"25","10","Plug","25 mm","1""","Plug Valve Straightway","0.41"
"32","10","Plug","32 mm","1-1/4""","Plug Valve Straightway","0.4"
"40","10","Plug","40 mm","1-1/2""","Plug Valve Straightway","0.38"
"50","10","Plug","50 mm","2""","Plug Valve Straightway","0.34"
"65","10","Plug","65 mm","2-1/2""","Plug Valve Straightway","0.32"
"80","10","Plug","80 mm","3""","Plug Valve Straightway","0.32"
"90","10","Plug","90 mm","3-1/2""","Plug Valve Straightway","0.32"
"100","10","Plug","100 mm","4""","Plug Valve Straightway","0.31"
"125","10","Plug","125 mm","5""","Plug Valve Straightway","0.29"
"150","10","Plug","150 mm","6""","Plug Valve Straightway","0.27"
"200","10","Plug","200 mm","8""","Plug Valve Straightway","0.25"
"250","10","Plug","250 mm","10""","Plug Valve Straightway","0.25"
"300","10","Plug","300 mm","12""","Plug Valve Straightway","0.23"
"350","10","Plug","350 mm","14""","Plug Valve Straightway","0.23"
"380","10","Plug","380 mm","15""","Plug Valve Straightway","0.23"
"400","10","Plug","400 mm","16""","Plug Valve Straightway","0.23"
"450","10","Plug","450 mm","18""","Plug Valve Straightway","0.22"
"500","10","Plug","500 mm","20""","Plug Valve Straightway","0.22"
"550","10","Plug","550 mm","22""","Plug Valve Straightway","0.22"
"600","10","Plug","600 mm","24""","Plug Valve Straightway","0.22"
"650","10","Plug","650 mm","26""","Plug Valve Straightway","0.22"
"700","10","Plug","700 mm","28""","Plug Valve Straightway","0.22"
"750","10","Plug","750 mm","30""","Plug Valve Straightway","0.22"
"800","10","Plug","800 mm","32""","Plug Valve Straightway","0.22"
"850","10","Plug","850 mm","34""","Plug Valve Straightway","0.22"
"900","10","Plug","900 mm","36""","Plug Valve Straightway","0.22"
"950","10","Plug","950 mm","38""","Plug Valve Straightway","0.22"
"1000","10","Plug","1000 mm","40""","Plug Valve Straightway","0.22"
"1050","10","Plug","1050 mm","42""","Plug Valve Straightway","0.22"
"1200","10","Plug","1200 mm","48""","Plug Valve Straightway","0.22"
"1400","10","Plug","1400 mm","54""","Plug Valve Straightway","0.22"
"1500","10","Plug","1500 mm","60""","Plug Valve Straightway","0.22"
"1800","10","Plug","1800 mm","72""","Plug Valve Straightway","0.22"
"2100","10","Plug","2100 mm","84""","Plug Valve Straightway","0.22"
"6","11","Bfly","6 mm","1/8""","Butterfly Valve","1.9"
"7","11","Bfly","7 mm","3/16""","Butterfly Valve","1.8"
"8","11","Bfly","8 mm","1/4""","Butterfly Valve","1.7"
"9","11","Bfly","9 mm","5/16""","Butterfly Valve","1.7"
"10","11","Bfly","10 mm","3/8""","Butterfly Valve","1.5"
"12","11","Bfly","12 mm","7/16""","Butterfly Valve","1.42"
"15","11","Bfly","15 mm","1/2""","Butterfly Valve","1.35"
"18","11","Bfly","18 mm","5/8""","Butterfly Valve","1.35"
"20","11","Bfly","20 mm","3/4""","Butterfly Valve","1.22"
"22","11","Bfly","22 mm","7/8""","Butterfly Valve","1.22"
"25","11","Bfly","25 mm","1""","Butterfly Valve","1.1"
"32","11","Bfly","32 mm","1-1/4""","Butterfly Valve","1"
"40","11","Bfly","40 mm","1-1/2""","Butterfly Valve","0.92"
"50","11","Bfly","50 mm","2""","Butterfly Valve","0.86"
"65","11","Bfly","65 mm","2-1/2""","Butterfly Valve","0.81"
"80","11","Bfly","80 mm","3""","Butterfly Valve","0.81"
"90","11","Bfly","90 mm","3-1/2""","Butterfly Valve","0.79"
"100","11","Bfly","100 mm","4""","Butterfly Valve","0.77"
"125","11","Bfly","125 mm","5""","Butterfly Valve","0.73"
"150","11","Bfly","150 mm","6""","Butterfly Valve","0.68"
"200","11","Bfly","200 mm","8""","Butterfly Valve","0.63"
"250","11","Bfly","250 mm","10""","Butterfly Valve","0.63"
"300","11","Bfly","300 mm","12""","Butterfly Valve","0.35"
"350","11","Bfly","350 mm","14""","Butterfly Valve","0.35"
"380","11","Bfly","380 mm","15""","Butterfly Valve","0.35"
"400","11","Bfly","400 mm","16""","Butterfly Valve","0.35"
"450","11","Bfly","450 mm","18""","Butterfly Valve","0.3"
"500","11","Bfly","500 mm","20""","Butterfly Valve","0.3"
"550","11","Bfly","550 mm","22""","Butterfly Valve","0.3"
"600","11","Bfly","600 mm","24""","Butterfly Valve","0.3"
"650","11","Bfly","650 mm","26""","Butterfly Valve","0.3"
"700","11","Bfly","700 mm","28""","Butterfly Valve","0.3"
"750","11","Bfly","750 mm","30""","Butterfly Valve","0.3"
"800","11","Bfly","800 mm","32""","Butterfly Valve","0.3"
"850","11","Bfly","850 mm","34""","Butterfly Valve","0.3"
"900","11","Bfly","900 mm","36""","Butterfly Valve","0.3"
"950","11","Bfly","950 mm","38""","Butterfly Valve","0.3"
"1000","11","Bfly","1000 mm","40""","Butterfly Valve","0.3"
"1050","11","Bfly","1050 mm","42""","Butterfly Valve","0.3"
"1200","11","Bfly","1200 mm","48""","Butterfly Valve","0.3"
"1400","11","Bfly","1400 mm","54""","Butterfly Valve","0.3"
"1500","11","Bfly","1500 mm","60""","Butterfly Valve","0.3"
"1800","11","Bfly","1800 mm","72""","Butterfly Valve","0.3"
"2100","11","Bfly","2100 mm","84""","Butterfly Valve","0.3"
"6","12","BallFB","6 mm","1/8""","Ball Valve Full Bore","0.12"
"7","12","BallFB","7 mm","3/16""","Ball Valve Full Bore","0.12"
"8","12","BallFB","8 mm","1/4""","Ball Valve Full Bore","0.11"
"9","12","BallFB","9 mm","5/16""","Ball Valve Full Bore","0.11"
"10","12","BallFB","10 mm","3/8""","Ball Valve Full Bore","0.1"
"12","12","BallFB","12 mm","7/16""","Ball Valve Full Bore","0.1"
"15","12","BallFB","15 mm","1/2""","Ball Valve Full Bore","0.09"
"18","12","BallFB","18 mm","5/8""","Ball Valve Full Bore","0.09"
"20","12","BallFB","20 mm","3/4""","Ball Valve Full Bore","0.08"
"22","12","BallFB","22 mm","7/8""","Ball Valve Full Bore","0.08"
"25","12","BallFB","25 mm","1""","Ball Valve Full Bore","0.07"
"32","12","BallFB","32 mm","1-1/4""","Ball Valve Full Bore","0.07"
"40","12","BallFB","40 mm","1-1/2""","Ball Valve Full Bore","0.06"
"50","12","BallFB","50 mm","2""","Ball Valve Full Bore","0.06"
"65","12","BallFB","65 mm","2-1/2""","Ball Valve Full Bore","0.05"
"80","12","BallFB","80 mm","3""","Ball Valve Full Bore","0.05"
"90","12","BallFB","90 mm","3-1/2""","Ball Valve Full Bore","0.05"
"100","12","BallFB","100 mm","4""","Ball Valve Full Bore","0.05"
"125","12","BallFB","125 mm","5""","Ball Valve Full Bore","0.05"
"150","12","BallFB","150 mm","6""","Ball Valve Full Bore","0.05"
"200","12","BallFB","200 mm","8""","Ball Valve Full Bore","0.04"
"250","12","BallFB","250 mm","10""","Ball Valve Full Bore","0.04"
"300","12","BallFB","300 mm","12""","Ball Valve Full Bore","0.04"
"350","12","BallFB","350 mm","14""","Ball Valve Full Bore","0.04"
"380","12","BallFB","380 mm","15""","Ball Valve Full Bore","0.04"
"400","12","BallFB","400 mm","16""","Ball Valve Full Bore","0.04"
"450","12","BallFB","450 mm","18""","Ball Valve Full Bore","0.04"
"500","12","BallFB","500 mm","20""","Ball Valve Full Bore","0.04"
"550","12","BallFB","550 mm","22""","Ball Valve Full Bore","0.04"
"600","12","BallFB","600 mm","24""","Ball Valve Full Bore","0.04"
"650","12","BallFB","650 mm","26""","Ball Valve Full Bore","0.03"
"700","12","BallFB","700 mm","28""","Ball Valve Full Bore","0.03"
"750","12","BallFB","750 mm","30""","Ball Valve Full Bore","0.03"
"800","12","BallFB","800 mm","32""","Ball Valve Full Bore","0.03"
"850","12","BallFB","850 mm","34""","Ball Valve Full Bore","0.03"
"900","12","BallFB","900 mm","36""","Ball Valve Full Bore","0.03"
"950","12","BallFB","950 mm","38""","Ball Valve Full Bore","0.03"
"1000","12","BallFB","1000 mm","40""","Ball Valve Full Bore","0.03"
"1050","12","BallFB","1050 mm","42""","Ball Valve Full Bore","0.03"
"1200","12","BallFB","1200 mm","48""","Ball Valve Full Bore","0.03"
"1400","12","BallFB","1400 mm","54""","Ball Valve Full Bore","0.03"
"1500","12","BallFB","1500 mm","60""","Ball Valve Full Bore","0.03"
"1800","12","BallFB","1800 mm","72""","Ball Valve Full Bore","0.03"
"2100","12","BallFB","2100 mm","84""","Ball Valve Full Bore","0.03"
"6","13","BallRB","6 mm","1/8""","Ball Valve Reduced Bore","3.4"
"7","13","BallRB","7 mm","3/16""","Ball Valve Reduced Bore","3.2"
"8","13","BallRB","8 mm","1/4""","Ball Valve Reduced Bore","3"
"9","13","BallRB","9 mm","5/16""","Ball Valve Reduced Bore","3"
"10","13","BallRB","10 mm","3/8""","Ball Valve Reduced Bore","2.8"
"12","13","BallRB","12 mm","7/16""","Ball Valve Reduced Bore","2.7"
"15","13","BallRB","15 mm","1/2""","Ball Valve Reduced Bore","2.6"
"18","13","BallRB","18 mm","5/8""","Ball Valve Reduced Bore","2.6"
"20","13","BallRB","20 mm","3/4""","Ball Valve Reduced Bore","2.5"
"22","13","BallRB","22 mm","7/8""","Ball Valve Reduced Bore","2.5"
"25","13","BallRB","25 mm","1""","Ball Valve Reduced Bore","2.4"
"32","13","BallRB","32 mm","1-1/4""","Ball Valve Reduced Bore","2.2"
"40","13","BallRB","40 mm","1-1/2""","Ball Valve Reduced Bore","2"
"50","13","BallRB","50 mm","2""","Ball Valve Reduced Bore","1.8"
"65","13","BallRB","65 mm","2-1/2""","Ball Valve Reduced Bore","1.5"
"80","13","BallRB","80 mm","3""","Ball Valve Reduced Bore","1.2"
"90","13","BallRB","90 mm","3-1/2""","Ball Valve Reduced Bore","1.1"
"100","13","BallRB","100 mm","4""","Ball Valve Reduced Bore","1"
"125","13","BallRB","125 mm","5""","Ball Valve Reduced Bore","0.93"
"150","13","BallRB","150 mm","6""","Ball Valve Reduced Bore","0.85"
"200","13","BallRB","200 mm","8""","Ball Valve Reduced Bore","0.7"
"6","14","LiftCh","6 mm","1/8""","Lift Check Valve","20"
"7","14","LiftCh","7 mm","3/16""","Lift Check Valve","20"
"8","14","LiftCh","8 mm","1/4""","Lift Check Valve","19"
"9","14","LiftCh","9 mm","5/16""","Lift Check Valve","19"
"10","14","LiftCh","10 mm","3/8""","Lift Check Valve","17.5"
"12","14","LiftCh","12 mm","7/16""","Lift Check Valve","16.9"
"15","14","LiftCh","15 mm","1/2""","Lift Check Valve","16.2"
"18","14","LiftCh","18 mm","5/8""","Lift Check Valve","15.6"
"20","14","LiftCh","20 mm","3/4""","Lift Check Valve","15"
"22","14","LiftCh","22 mm","7/8""","Lift Check Valve","14.4"
"25","14","LiftCh","25 mm","1""","Lift Check Valve","13.8"
"32","14","LiftCh","32 mm","1-1/4""","Lift Check Valve","13.2"
"40","14","LiftCh","40 mm","1-1/2""","Lift Check Valve","12.6"
"50","14","LiftCh","50 mm","2""","Lift Check Valve","11.4"
"65","14","LiftCh","65 mm","2-1/2""","Lift Check Valve","10.8"
"80","14","LiftCh","80 mm","3""","Lift Check Valve","10.8"
"90","14","LiftCh","90 mm","3-1/2""","Lift Check Valve","10.5"
"100","14","LiftCh","100 mm","4""","Lift Check Valve","10.2"
"125","14","LiftCh","125 mm","5""","Lift Check Valve","9.6"
"150","14","LiftCh","150 mm","6""","Lift Check Valve","9"
"200","14","LiftCh","200 mm","8""","Lift Check Valve","8.4"
"250","14","LiftCh","250 mm","10""","Lift Check Valve","8.4"
"300","14","LiftCh","300 mm","12""","Lift Check Valve","7.8"
"350","14","LiftCh","350 mm","14""","Lift Check Valve","7.8"
"380","14","LiftCh","380 mm","15""","Lift Check Valve","7.8"
"400","14","LiftCh","400 mm","16""","Lift Check Valve","7.8"
"450","14","LiftCh","450 mm","18""","Lift Check Valve","7.2"
"500","14","LiftCh","500 mm","20""","Lift Check Valve","7.2"
"550","14","LiftCh","550 mm","22""","Lift Check Valve","7.2"
"600","14","LiftCh","600 mm","24""","Lift Check Valve","7.2"
"650","14","LiftCh","650 mm","26""","Lift Check Valve","7.2"
"700","14","LiftCh","700 mm","28""","Lift Check Valve","7.2"
"750","14","LiftCh","750 mm","30""","Lift Check Valve","7.2"
"800","14","LiftCh","800 mm","32""","Lift Check Valve","7.2"
"850","14","LiftCh","850 mm","34""","Lift Check Valve","7.2"
"900","14","LiftCh","900 mm","36""","Lift Check Valve","7.2"
"950","14","LiftCh","950 mm","38""","Lift Check Valve","7.2"
"1000","14","LiftCh","1000 mm","40""","Lift Check Valve","7.2"
"1050","14","LiftCh","1050 mm","42""","Lift Check Valve","7.2"
"1200","14","LiftCh","1200 mm","48""","Lift Check Valve","7.2"
"1400","14","LiftCh","1400 mm","54""","Lift Check Valve","7.2"
"1500","14","LiftCh","1500 mm","60""","Lift Check Valve","7.2"
"1800","14","LiftCh","1800 mm","72""","Lift Check Valve","7.2"
"2100","14","LiftCh","2100 mm","84""","Lift Check Valve","7.2"
"6","15","AngleCh","6 mm","1/8""","Lift Check Valve Angled","2"
"7","15","AngleCh","7 mm","3/16""","Lift Check Valve Angled","1.95"
"8","15","AngleCh","8 mm","1/4""","Lift Check Valve Angled","1.9"
"9","15","AngleCh","9 mm","5/16""","Lift Check Valve Angled","1.9"
"10","15","AngleCh","10 mm","3/8""","Lift Check Valve Angled","1.7"
"12","15","AngleCh","12 mm","7/16""","Lift Check Valve Angled","1.6"
"15","15","AngleCh","15 mm","1/2""","Lift Check Valve Angled","1.5"
"18","15","AngleCh","18 mm","5/8""","Lift Check Valve Angled","1.5"
"20","15","AngleCh","20 mm","3/4""","Lift Check Valve Angled","1.4"
"22","15","AngleCh","22 mm","7/8""","Lift Check Valve Angled","1.4"
"25","15","AngleCh","25 mm","1""","Lift Check Valve Angled","1.3"
"32","15","AngleCh","32 mm","1-1/4""","Lift Check Valve Angled","1.2"
"40","15","AngleCh","40 mm","1-1/2""","Lift Check Valve Angled","1.2"
"50","15","AngleCh","50 mm","2""","Lift Check Valve Angled","1.1"
"65","15","AngleCh","65 mm","2-1/2""","Lift Check Valve Angled","1"
"80","15","AngleCh","80 mm","3""","Lift Check Valve Angled","1"
"90","15","AngleCh","90 mm","3-1/2""","Lift Check Valve Angled","0.94"
"100","15","AngleCh","100 mm","4""","Lift Check Valve Angled","0.94"
"125","15","AngleCh","125 mm","5""","Lift Check Valve Angled","0.83"
"150","15","AngleCh","150 mm","6""","Lift Check Valve Angled","0.83"
"200","15","AngleCh","200 mm","8""","Lift Check Valve Angled","0.77"
"250","15","AngleCh","250 mm","10""","Lift Check Valve Angled","0.77"
"300","15","AngleCh","300 mm","12""","Lift Check Valve Angled","0.72"
"350","15","AngleCh","350 mm","14""","Lift Check Valve Angled","0.72"
"380","15","AngleCh","380 mm","15""","Lift Check Valve Angled","0.72"
"400","15","AngleCh","400 mm","16""","Lift Check Valve Angled","0.72"
"450","15","AngleCh","450 mm","18""","Lift Check Valve Angled","0.66"
"500","15","AngleCh","500 mm","20""","Lift Check Valve Angled","0.66"
"550","15","AngleCh","550 mm","22""","Lift Check Valve Angled","0.66"
"600","15","AngleCh","600 mm","24""","Lift Check Valve Angled","0.66"
"650","15","AngleCh","650 mm","26""","Lift Check Valve Angled","0.66"
"700","15","AngleCh","700 mm","28""","Lift Check Valve Angled","0.66"
"750","15","AngleCh","750 mm","30""","Lift Check Valve Angled","0.66"
"800","15","AngleCh","800 mm","32""","Lift Check Valve Angled","0.66"
"850","15","AngleCh","850 mm","34""","Lift Check Valve Angled","0.66"
"900","15","AngleCh","900 mm","36""","Lift Check Valve Angled","0.66"
"950","15","AngleCh","950 mm","38""","Lift Check Valve Angled","0.66"
"1000","15","AngleCh","1000 mm","40""","Lift Check Valve Angled","0.66"
"1050","15","AngleCh","1050 mm","42""","Lift Check Valve Angled","0.66"
"1200","15","AngleCh","1200 mm","48""","Lift Check Valve Angled","0.66"
"1400","15","AngleCh","1400 mm","54""","Lift Check Valve Angled","0.66"
"1500","15","AngleCh","1500 mm","60""","Lift Check Valve Angled","0.66"
"1800","15","AngleCh","1800 mm","72""","Lift Check Valve Angled","0.66"
"2100","15","AngleCh","2100 mm","84""","Lift Check Valve Angled","0.66"
"6","16","SwCh","6 mm","1/8""","Swing Check Valve","6"
"7","16","SwCh","7 mm","3/16""","Swing Check Valve","5.5"
"8","16","SwCh","8 mm","1/4""","Swing Check Valve","5.1"
"9","16","SwCh","9 mm","5/16""","Swing Check Valve","5.1"
"10","16","SwCh","10 mm","3/8""","Swing Check Valve","5.1"
"12","16","SwCh","12 mm","7/16""","Swing Check Valve","5.1"
"15","16","SwCh","15 mm","1/2""","Swing Check Valve","5.1"
"18","16","SwCh","18 mm","5/8""","Swing Check Valve","5.1"
"20","16","SwCh","20 mm","3/4""","Swing Check Valve","5.1"
"22","16","SwCh","22 mm","7/8""","Swing Check Valve","5.1"
"25","16","SwCh","25 mm","1""","Swing Check Valve","4.1"
"32","16","SwCh","32 mm","1-1/4""","Swing Check Valve","2.9"
"40","16","SwCh","40 mm","1-1/2""","Swing Check Valve","2.6"
"50","16","SwCh","50 mm","2""","Swing Check Valve","2.4"
"65","16","SwCh","65 mm","2-1/2""","Swing Check Valve","2.3"
"80","16","SwCh","80 mm","3""","Swing Check Valve","2.2"
"90","16","SwCh","90 mm","3-1/2""","Swing Check Valve","2.1"
"100","16","SwCh","100 mm","4""","Swing Check Valve","2"
"125","16","SwCh","125 mm","5""","Swing Check Valve","1.93"
"150","16","SwCh","150 mm","6""","Swing Check Valve","1.85"
"200","16","SwCh","200 mm","8""","Swing Check Valve","1.65"
"250","16","SwCh","250 mm","10""","Swing Check Valve","1.55"
"300","16","SwCh","300 mm","12""","Swing Check Valve","1.4"
"350","16","SwCh","350 mm","14""","Swing Check Valve","1.35"
"380","16","SwCh","380 mm","15""","Swing Check Valve","1.35"
"400","16","SwCh","400 mm","16""","Swing Check Valve","1.3"
"450","16","SwCh","450 mm","18""","Swing Check Valve","1.2"
"500","16","SwCh","500 mm","20""","Swing Check Valve","1.2"
"550","16","SwCh","550 mm","22""","Swing Check Valve","1.2"
"600","16","SwCh","600 mm","24""","Swing Check Valve","1.2"
"650","16","SwCh","650 mm","26""","Swing Check Valve","1.2"
"700","16","SwCh","700 mm","28""","Swing Check Valve","1.2"
"750","16","SwCh","750 mm","30""","Swing Check Valve","1.2"
"800","16","SwCh","800 mm","32""","Swing Check Valve","1.2"
"850","16","SwCh","850 mm","34""","Swing Check Valve","1.2"
"900","16","SwCh","900 mm","36""","Swing Check Valve","1.2"
"950","16","SwCh","950 mm","38""","Swing Check Valve","1.2"
"1000","16","SwCh","1000 mm","40""","Swing Check Valve","1.2"
"1050","16","SwCh","1050 mm","42""","Swing Check Valve","1.2"
"1200","16","SwCh","1200 mm","48""","Swing Check Valve","1.2"
"1400","16","SwCh","1400 mm","54""","Swing Check Valve","1.2"
"1500","16","SwCh","1500 mm","60""","Swing Check Valve","1.2"
"1800","16","SwCh","1800 mm","72""","Swing Check Valve","1.2"
"2100","16","SwCh","2100 mm","84""","Swing Check Valve","1.2"
"50","17","TiltCh","50 mm","2""","Tilting Disk Check","2.3"
"65","17","TiltCh","65 mm","2-1/2""","Tilting Disk Check","2.2"
"80","17","TiltCh","80 mm","3""","Tilting Disk Check","2.2"
"90","17","TiltCh","90 mm","3-1/2""","Tilting Disk Check","2"
"100","17","TiltCh","100 mm","4""","Tilting Disk Check","2"
"125","17","TiltCh","125 mm","5""","Tilting Disk Check","1.9"
"150","17","TiltCh","150 mm","6""","Tilting Disk Check","1.8"
"200","17","TiltCh","200 mm","8""","Tilting Disk Check","1.7"
"250","17","TiltCh","250 mm","10""","Tilting Disk Check","1.7"
"300","17","TiltCh","300 mm","12""","Tilting Disk Check","1.2"
"350","17","TiltCh","350 mm","14""","Tilting Disk Check","1.2"
"380","17","TiltCh","380 mm","15""","Tilting Disk Check","1.2"
"400","17","TiltCh","400 mm","16""","Tilting Disk Check","1.2"
"450","17","TiltCh","450 mm","18""","Tilting Disk Check","0.72"
"500","17","TiltCh","500 mm","20""","Tilting Disk Check","0.72"
"550","17","TiltCh","550 mm","22""","Tilting Disk Check","0.72"
"600","17","TiltCh","600 mm","24""","Tilting Disk Check","0.72"
"650","17","TiltCh","650 mm","26""","Tilting Disk Check","0.72"
"700","17","TiltCh","700 mm","28""","Tilting Disk Check","0.72"
"750","17","TiltCh","750 mm","30""","Tilting Disk Check","0.72"
"800","17","TiltCh","800 mm","32""","Tilting Disk Check","0.72"
"850","17","TiltCh","850 mm","34""","Tilting Disk Check","0.72"
"900","17","TiltCh","900 mm","36""","Tilting Disk Check","0.72"
"950","17","TiltCh","950 mm","38""","Tilting Disk Check","0.72"
"1000","17","TiltCh","1000 mm","40""","Tilting Disk Check","0.72"
"1050","17","TiltCh","1050 mm","42""","Tilting Disk Check","0.72"
"1200","17","TiltCh","1200 mm","48""","Tilting Disk Check","0.72"
"1400","17","TiltCh","1400 mm","54""","Tilting Disk Check","0.72"
"1500","17","TiltCh","1500 mm","60""","Tilting Disk Check","0.72"
"1800","17","TiltCh","1800 mm","72""","Tilting Disk Check","0.72"
"2100","17","TiltCh","2100 mm","84""","Tilting Disk Check","0.72"
"6","18","ChWaf","6 mm","1/8""","Wafer Check Valve","19.8"
"7","18","ChWaf","7 mm","3/16""","Wafer Check Valve","18.8"
"8","18","ChWaf","8 mm","1/4""","Wafer Check Valve","17.8"
"9","18","ChWaf","9 mm","5/16""","Wafer Check Valve","17.8"
"10","18","ChWaf","10 mm","3/8""","Wafer Check Valve","17.8"
"12","18","ChWaf","12 mm","7/16""","Wafer Check Valve","17.8"
"15","18","ChWaf","15 mm","1/2""","Wafer Check Valve","17.8"
"18","18","ChWaf","18 mm","5/8""","Wafer Check Valve","17.8"
"20","18","ChWaf","20 mm","3/4""","Wafer Check Valve","17.8"
"22","18","ChWaf","22 mm","7/8""","Wafer Check Valve","17.8"
"25","18","ChWaf","25 mm","1""","Wafer Check Valve","14.5"
"32","18","ChWaf","32 mm","1-1/4""","Wafer Check Valve","10.5"
"40","18","ChWaf","40 mm","1-1/2""","Wafer Check Valve","9.4"
"50","18","ChWaf","50 mm","2""","Wafer Check Valve","8.4"
"65","18","ChWaf","65 mm","2-1/2""","Wafer Check Valve","7.08"
"80","18","ChWaf","80 mm","3""","Wafer Check Valve","5.5"
"90","18","ChWaf","90 mm","3-1/2""","Wafer Check Valve","4.5"
"100","18","ChWaf","100 mm","4""","Wafer Check Valve","3.22"
"125","18","ChWaf","125 mm","5""","Wafer Check Valve","2.8"
"150","18","ChWaf","150 mm","6""","Wafer Check Valve","2.33"
"200","18","ChWaf","200 mm","8""","Wafer Check Valve","1.7"
"250","18","ChWaf","250 mm","10""","Wafer Check Valve","1.33"
"300","18","ChWaf","300 mm","12""","Wafer Check Valve","1.25"
"350","18","ChWaf","350 mm","14""","Wafer Check Valve","1.25"
"380","18","ChWaf","380 mm","15""","Wafer Check Valve","1.25"
"400","18","ChWaf","400 mm","16""","Wafer Check Valve","1.25"
"450","18","ChWaf","450 mm","18""","Wafer Check Valve","1.2"
"500","18","ChWaf","500 mm","20""","Wafer Check Valve","1.2"
"550","18","ChWaf","550 mm","22""","Wafer Check Valve","1.2"
"600","18","ChWaf","600 mm","24""","Wafer Check Valve","1.2"
"650","18","ChWaf","650 mm","26""","Wafer Check Valve","1.2"
"700","18","ChWaf","700 mm","28""","Wafer Check Valve","1.2"
"750","18","ChWaf","750 mm","30""","Wafer Check Valve","1.2"
"800","18","ChWaf","800 mm","32""","Wafer Check Valve","1.2"
"850","18","ChWaf","850 mm","34""","Wafer Check Valve","1.2"
"900","18","ChWaf","900 mm","36""","Wafer Check Valve","1.2"
"950","18","ChWaf","950 mm","38""","Wafer Check Valve","1.2"
"1000","18","ChWaf","1000 mm","40""","Wafer Check Valve","1.2"
"1050","18","ChWaf","1050 mm","42""","Wafer Check Valve","1.2"
"1200","18","ChWaf","1200 mm","48""","Wafer Check Valve","1.2"
"1400","18","ChWaf","1400 mm","54""","Wafer Check Valve","1.2"
"1500","18","ChWaf","1500 mm","60""","Wafer Check Valve","1.2"
"1800","18","ChWaf","1800 mm","72""","Wafer Check Valve","1.2"
"2100","18","ChWaf","2100 mm","84""","Wafer Check Valve","1.2"
"6","19","Foot","6 mm","1/8""","Foot Valve with Strainer","15"
"7","19","Foot","7 mm","3/16""","Foot Valve with Strainer","15"
"8","19","Foot","8 mm","1/4""","Foot Valve with Strainer","14.6"
"9","19","Foot","9 mm","5/16""","Foot Valve with Strainer","14.6"
"10","19","Foot","10 mm","3/8""","Foot Valve with Strainer","11.9"
"12","19","Foot","12 mm","7/16""","Foot Valve with Strainer","11.9"
"15","19","Foot","15 mm","1/2""","Foot Valve with Strainer","11.3"
"18","19","Foot","18 mm","5/8""","Foot Valve with Strainer","10.9"
"20","19","Foot","20 mm","3/4""","Foot Valve with Strainer","10.5"
"22","19","Foot","22 mm","7/8""","Foot Valve with Strainer","10.1"
"25","19","Foot","25 mm","1""","Foot Valve with Strainer","9.7"
"32","19","Foot","32 mm","1-1/4""","Foot Valve with Strainer","9.3"
"40","19","Foot","40 mm","1-1/2""","Foot Valve with Strainer","8.8"
"50","19","Foot","50 mm","2""","Foot Valve with Strainer","8"
"65","19","Foot","65 mm","2-1/2""","Foot Valve with Strainer","7.6"
"80","19","Foot","80 mm","3""","Foot Valve with Strainer","7.6"
"90","19","Foot","90 mm","3-1/2""","Foot Valve with Strainer","7.1"
"100","19","Foot","100 mm","4""","Foot Valve with Strainer","7.1"
"125","19","Foot","125 mm","5""","Foot Valve with Strainer","6.3"
"150","19","Foot","150 mm","6""","Foot Valve with Strainer","6.3"
"200","19","Foot","200 mm","8""","Foot Valve with Strainer","5.9"
"250","19","Foot","250 mm","10""","Foot Valve with Strainer","5.9"
"300","19","Foot","300 mm","12""","Foot Valve with Strainer","5.5"
"350","19","Foot","350 mm","14""","Foot Valve with Strainer","5.5"
"380","19","Foot","380 mm","15""","Foot Valve with Strainer","5.5"
"400","19","Foot","400 mm","16""","Foot Valve with Strainer","5.5"
"450","19","Foot","450 mm","18""","Foot Valve with Strainer","5.5"
"500","19","Foot","500 mm","20""","Foot Valve with Strainer","5"
"550","19","Foot","550 mm","22""","Foot Valve with Strainer","5"
"600","19","Foot","600 mm","24""","Foot Valve with Strainer","5"
"650","19","Foot","650 mm","26""","Foot Valve with Strainer","5"
"700","19","Foot","700 mm","28""","Foot Valve with Strainer","5"
"750","19","Foot","750 mm","30""","Foot Valve with Strainer","5"
"800","19","Foot","800 mm","32""","Foot Valve with Strainer","5"
"850","19","Foot","850 mm","34""","Foot Valve with Strainer","5"
"900","19","Foot","900 mm","36""","Foot Valve with Strainer","5"
"950","19","Foot","950 mm","38""","Foot Valve with Strainer","5"
"1000","19","Foot","1000 mm","40""","Foot Valve with Strainer","5"
"1050","19","Foot","1050 mm","42""","Foot Valve with Strainer","5"
"1200","19","Foot","1200 mm","48""","Foot Valve with Strainer","5"
"1400","19","Foot","1400 mm","54""","Foot Valve with Strainer","5"
"1500","19","Foot","1500 mm","60""","Foot Valve with Strainer","5"
"1800","19","Foot","1800 mm","72""","Foot Valve with Strainer","5"
"2100","19","Foot","2100 mm","84""","Foot Valve with Strainer","5"
"6","20","Hinged","6 mm","1/8""","Hinged Foot Valve with Strainer","3"
"7","20","Hinged","7 mm","3/16""","Hinged Foot Valve with Strainer","3"
"8","20","Hinged","8 mm","1/4""","Hinged Foot Valve with Strainer","2.5"
"9","20","Hinged","9 mm","5/16""","Hinged Foot Valve with Strainer","2.5"
"10","20","Hinged","10 mm","3/8""","Hinged Foot Valve with Strainer","2.2"
"12","20","Hinged","12 mm","7/16""","Hinged Foot Valve with Strainer","2.2"
"15","20","Hinged","15 mm","1/2""","Hinged Foot Valve with Strainer","2"
"18","20","Hinged","18 mm","5/8""","Hinged Foot Valve with Strainer","1.95"
"20","20","Hinged","20 mm","3/4""","Hinged Foot Valve with Strainer","1.9"
"22","20","Hinged","22 mm","7/8""","Hinged Foot Valve with Strainer","1.8"
"25","20","Hinged","25 mm","1""","Hinged Foot Valve with Strainer","1.7"
"32","20","Hinged","32 mm","1-1/4""","Hinged Foot Valve with Strainer","1.7"
"40","20","Hinged","40 mm","1-1/2""","Hinged Foot Valve with Strainer","1.7"
"50","20","Hinged","50 mm","2""","Hinged Foot Valve with Strainer","1.4"
"65","20","Hinged","65 mm","2-1/2""","Hinged Foot Valve with Strainer","1.4"
"80","20","Hinged","80 mm","3""","Hinged Foot Valve with Strainer","1.4"
"90","20","Hinged","90 mm","3-1/2""","Hinged Foot Valve with Strainer","1.3"
"100","20","Hinged","100 mm","4""","Hinged Foot Valve with Strainer","1.3"
"125","20","Hinged","125 mm","5""","Hinged Foot Valve with Strainer","1.2"
"150","20","Hinged","150 mm","6""","Hinged Foot Valve with Strainer","1.1"
"200","20","Hinged","200 mm","8""","Hinged Foot Valve with Strainer","1.1"
"250","20","Hinged","250 mm","10""","Hinged Foot Valve with Strainer","1.1"
"300","20","Hinged","300 mm","12""","Hinged Foot Valve with Strainer","1"
"350","20","Hinged","350 mm","14""","Hinged Foot Valve with Strainer","1"
"380","20","Hinged","380 mm","15""","Hinged Foot Valve with Strainer","1"
"400","20","Hinged","400 mm","16""","Hinged Foot Valve with Strainer","1"
"450","20","Hinged","450 mm","18""","Hinged Foot Valve with Strainer","0.9"
"500","20","Hinged","500 mm","20""","Hinged Foot Valve with Strainer","0.9"
"550","20","Hinged","550 mm","22""","Hinged Foot Valve with Strainer","0.9"
"600","20","Hinged","600 mm","24""","Hinged Foot Valve with Strainer","0.9"
"650","20","Hinged","650 mm","26""","Hinged Foot Valve with Strainer","0.9"
"700","20","Hinged","700 mm","28""","Hinged Foot Valve with Strainer","0.9"
"750","20","Hinged","750 mm","30""","Hinged Foot Valve with Strainer","0.9"
"800","20","Hinged","800 mm","32""","Hinged Foot Valve with Strainer","0.9"
"850","20","Hinged","850 mm","34""","Hinged Foot Valve with Strainer","0.9"
"900","20","Hinged","900 mm","36""","Hinged Foot Valve with Strainer","0.9"
"950","20","Hinged","950 mm","38""","Hinged Foot Valve with Strainer","0.9"
"1000","20","Hinged","1000 mm","40""","Hinged Foot Valve with Strainer","0.9"
"1050","20","Hinged","1050 mm","42""","Hinged Foot Valve with Strainer","0.9"
"1200","20","Hinged","1200 mm","48""","Hinged Foot Valve with Strainer","0.9"
"1400","20","Hinged","1400 mm","54""","Hinged Foot Valve with Strainer","0.9"
"1500","20","Hinged","1500 mm","60""","Hinged Foot Valve with Strainer","0.9"
"1800","20","Hinged","1800 mm","72""","Hinged Foot Valve with Strainer","0.9"
"2100","20","Hinged","2100 mm","84""","Hinged Foot Valve with Strainer","0.9"
"6","21","St","6 mm","1/8""","Strainer","0.6"
"7","21","St","7 mm","3/16""","Strainer","0.6"
"8","21","St","8 mm","1/4""","Strainer","0.6"
"9","21","St","9 mm","5/16""","Strainer","0.6"
"10","21","St","10 mm","3/8""","Strainer","0.6"
"12","21","St","12 mm","7/16""","Strainer","0.6"
"15","21","St","15 mm","1/2""","Strainer","0.6"
"18","21","St","18 mm","5/8""","Strainer","0.6"
"20","21","St","20 mm","3/4""","Strainer","0.6"
"22","21","St","22 mm","7/8""","Strainer","0.6"
"25","21","St","25 mm","1""","Strainer","0.6"
"32","21","St","32 mm","1-1/4""","Strainer","0.6"
"40","21","St","40 mm","1-1/2""","Strainer","1"
"50","21","St","50 mm","2""","Strainer","1"
"65","21","St","65 mm","2-1/2""","Strainer","1"
"80","21","St","80 mm","3""","Strainer","1"
"90","21","St","90 mm","3-1/2""","Strainer","1"
"100","21","St","100 mm","4""","Strainer","1"
"125","21","St","125 mm","5""","Strainer","1"
"150","21","St","150 mm","6""","Strainer","1"
"200","21","St","200 mm","8""","Strainer","1"
"250","21","St","250 mm","10""","Strainer","1"
"300","21","St","300 mm","12""","Strainer","1"
"350","21","St","350 mm","14""","Strainer","1"
"380","21","St","380 mm","15""","Strainer","1"
"400","21","St","400 mm","16""","Strainer","1"
"450","21","St","450 mm","18""","Strainer","1"
"500","21","St","500 mm","20""","Strainer","1"
"550","21","St","550 mm","22""","Strainer","1"
"600","21","St","600 mm","24""","Strainer","1"
"650","21","St","650 mm","26""","Strainer","1"
"700","21","St","700 mm","28""","Strainer","1"
"750","21","St","750 mm","30""","Strainer","1"
"800","21","St","800 mm","32""","Strainer","1"
"850","21","St","850 mm","34""","Strainer","1"
"900","21","St","900 mm","36""","Strainer","1"
"950","21","St","950 mm","38""","Strainer","1"
"1000","21","St","1000 mm","40""","Strainer","1"
"1050","21","St","1050 mm","42""","Strainer","1"
"1200","21","St","1200 mm","48""","Strainer","1"
"1400","21","St","1400 mm","54""","Strainer","1"
"1500","21","St","1500 mm","60""","Strainer","1"
"1800","21","St","1800 mm","72""","Strainer","1"
"2100","21","St","2100 mm","84""","Strainer","1"
"6","22","TT","6 mm","1/8""","Through Tee","0.7"
"7","22","TT","7 mm","3/16""","Through Tee","0.66"
"8","22","TT","8 mm","1/4""","Through Tee","0.62"
"9","22","TT","9 mm","5/16""","Through Tee","0.62"
"10","22","TT","10 mm","3/8""","Through Tee","0.58"
"12","22","TT","12 mm","7/16""","Through Tee","0.56"
"15","22","TT","15 mm","1/2""","Through Tee","0.54"
"18","22","TT","18 mm","5/8""","Through Tee","0.52"
"20","22","TT","20 mm","3/4""","Through Tee","0.5"
"22","22","TT","22 mm","7/8""","Through Tee","0.49"
"25","22","TT","25 mm","1""","Through Tee","0.46"
"32","22","TT","32 mm","1-1/4""","Through Tee","0.44"
"40","22","TT","40 mm","1-1/2""","Through Tee","0.42"
"50","22","TT","50 mm","2""","Through Tee","0.38"
"65","22","TT","65 mm","2-1/2""","Through Tee","0.36"
"80","22","TT","80 mm","3""","Through Tee","0.36"
"90","22","TT","90 mm","3-1/2""","Through Tee","0.37"
"100","22","TT","100 mm","4""","Through Tee","0.34"
"125","22","TT","125 mm","5""","Through Tee","0.32"
"150","22","TT","150 mm","6""","Through Tee","0.28"
"200","22","TT","200 mm","8""","Through Tee","0.28"
"250","22","TT","250 mm","10""","Through Tee","0.28"
"300","22","TT","300 mm","12""","Through Tee","0.28"
"350","22","TT","350 mm","14""","Through Tee","0.28"
"380","22","TT","380 mm","15""","Through Tee","0.28"
"400","22","TT","400 mm","16""","Through Tee","0.28"
"450","22","TT","450 mm","18""","Through Tee","0.28"
"500","22","TT","500 mm","20""","Through Tee","0.28"
"550","22","TT","550 mm","22""","Through Tee","0.28"
"600","22","TT","600 mm","24""","Through Tee","0.28"
"650","22","TT","650 mm","26""","Through Tee","0.28"
"700","22","TT","700 mm","28""","Through Tee","0.28"
"750","22","TT","750 mm","30""","Through Tee","0.28"
"800","22","TT","800 mm","32""","Through Tee","0.28"
"850","22","TT","850 mm","34""","Through Tee","0.28"
"900","22","TT","900 mm","36""","Through Tee","0.28"
"950","22","TT","950 mm","38""","Through Tee","0.28"
"1000","22","TT","1000 mm","40""","Through Tee","0.28"
"1050","22","TT","1050 mm","42""","Through Tee","0.28"
"1200","22","TT","1200 mm","48""","Through Tee","0.28"
"1400","22","TT","1400 mm","54""","Through Tee","0.28"
"1500","22","TT","1500 mm","60""","Through Tee","0.28"
"1800","22","TT","1800 mm","72""","Through Tee","0.28"
"2100","22","TT","2100 mm","84""","Through Tee","0.28"
"6","23","BT","6 mm","1/8""","Branch Tee","2"
"7","23","BT","7 mm","3/16""","Branch Tee","1.94"
"8","23","BT","8 mm","1/4""","Branch Tee","1.88"
"9","23","BT","9 mm","5/16""","Branch Tee","1.88"
"10","23","BT","10 mm","3/8""","Branch Tee","1.74"
"12","23","BT","12 mm","7/16""","Branch Tee","1.68"
"15","23","BT","15 mm","1/2""","Branch Tee","1.62"
"18","23","BT","18 mm","5/8""","Branch Tee","1.62"
"20","23","BT","20 mm","3/4""","Branch Tee","1.5"
"22","23","BT","22 mm","7/8""","Branch Tee","1.5"
"25","23","BT","25 mm","1""","Branch Tee","1.38"
"32","23","BT","32 mm","1-1/4""","Branch Tee","1.32"
"40","23","BT","40 mm","1-1/2""","Branch Tee","1.26"
"50","23","BT","50 mm","2""","Branch Tee","1.14"
"65","23","BT","65 mm","2-1/2""","Branch Tee","1.08"
"80","23","BT","80 mm","3""","Branch Tee","1.08"
"90","23","BT","90 mm","3-1/2""","Branch Tee","1.05"
"100","23","BT","100 mm","4""","Branch Tee","1.02"
"125","23","BT","125 mm","5""","Branch Tee","0.97"
"150","23","BT","150 mm","6""","Branch Tee","0.9"
"200","23","BT","200 mm","8""","Branch Tee","0.84"
"250","23","BT","250 mm","10""","Branch Tee","0.84"
"300","23","BT","300 mm","12""","Branch Tee","0.78"
"350","23","BT","350 mm","14""","Branch Tee","0.78"
"380","23","BT","380 mm","15""","Branch Tee","0.78"
"400","23","BT","400 mm","16""","Branch Tee","0.78"
"450","23","BT","450 mm","18""","Branch Tee","0.72"
"500","23","BT","500 mm","20""","Branch Tee","0.72"
"550","23","BT","550 mm","22""","Branch Tee","0.72"
"600","23","BT","600 mm","24""","Branch Tee","0.72"
"650","23","BT","650 mm","26""","Branch Tee","0.72"
"700","23","BT","700 mm","28""","Branch Tee","0.72"
"750","23","BT","750 mm","30""","Branch Tee","0.72"
"800","23","BT","800 mm","32""","Branch Tee","0.72"
"850","23","BT","850 mm","34""","Branch Tee","0.72"
"900","23","BT","900 mm","36""","Branch Tee","0.72"
"950","23","BT","950 mm","38""","Branch Tee","0.72"
"1000","23","BT","1000 mm","40""","Branch Tee","0.72"
"1050","23","BT","1050 mm","42""","Branch Tee","0.72"
"1200","23","BT","1200 mm","48""","Branch Tee","0.72"
"1400","23","BT","1400 mm","54""","Branch Tee","0.72"
"1500","23","BT","1500 mm","60""","Branch Tee","0.72"
"1800","23","BT","1800 mm","72""","Branch Tee","0.72"
"2100","23","BT","2100 mm","84""","Branch Tee","0.72"
"6","24","ExitCon","6 mm","1/8""","Pipe Exit to Container","1"
"7","24","ExitCon","7 mm","3/16""","Pipe Exit to Container","1"
"8","24","ExitCon","8 mm","1/4""","Pipe Exit to Container","1"
"9","24","ExitCon","9 mm","5/16""","Pipe Exit to Container","1"
"10","24","ExitCon","10 mm","3/8""","Pipe Exit to Container","1"
"12","24","ExitCon","12 mm","7/16""","Pipe Exit to Container","1"
"15","24","ExitCon","15 mm","1/2""","Pipe Exit to Container","1"
"18","24","ExitCon","18 mm","5/8""","Pipe Exit to Container","1"
"20","24","ExitCon","20 mm","3/4""","Pipe Exit to Container","1"
"22","24","ExitCon","22 mm","7/8""","Pipe Exit to Container","1"
"25","24","ExitCon","25 mm","1""","Pipe Exit to Container","1"
"32","24","ExitCon","32 mm","1-1/4""","Pipe Exit to Container","1"
"40","24","ExitCon","40 mm","1-1/2""","Pipe Exit to Container","1"
"50","24","ExitCon","50 mm","2""","Pipe Exit to Container","1"
"65","24","ExitCon","65 mm","2-1/2""","Pipe Exit to Container","1"
"80","24","ExitCon","80 mm","3""","Pipe Exit to Container","1"
"90","24","ExitCon","90 mm","3-1/2""","Pipe Exit to Container","1"
"100","24","ExitCon","100 mm","4""","Pipe Exit to Container","1"
"125","24","ExitCon","125 mm","5""","Pipe Exit to Container","1"
"150","24","ExitCon","150 mm","6""","Pipe Exit to Container","1"
"200","24","ExitCon","200 mm","8""","Pipe Exit to Container","1"
"250","24","ExitCon","250 mm","10""","Pipe Exit to Container","1"
"300","24","ExitCon","300 mm","12""","Pipe Exit to Container","1"
"350","24","ExitCon","350 mm","14""","Pipe Exit to Container","1"
"380","24","ExitCon","380 mm","15""","Pipe Exit to Container","1"
"400","24","ExitCon","400 mm","16""","Pipe Exit to Container","1"
"450","24","ExitCon","450 mm","18""","Pipe Exit to Container","1"
"500","24","ExitCon","500 mm","20""","Pipe Exit to Container","1"
"550","24","ExitCon","550 mm","22""","Pipe Exit to Container","1"
"600","24","ExitCon","600 mm","24""","Pipe Exit to Container","1"
"650","24","ExitCon","650 mm","26""","Pipe Exit to Container","1"
"700","24","ExitCon","700 mm","28""","Pipe Exit to Container","1"
"750","24","ExitCon","750 mm","30""","Pipe Exit to Container","1"
"800","24","ExitCon","800 mm","32""","Pipe Exit to Container","1"
"850","24","ExitCon","850 mm","34""","Pipe Exit to Container","1"
"900","24","ExitCon","900 mm","36""","Pipe Exit to Container","1"
"950","24","ExitCon","950 mm","38""","Pipe Exit to Container","1"
"1000","24","ExitCon","1000 mm","40""","Pipe Exit to Container","1"
"1050","24","ExitCon","1050 mm","42""","Pipe Exit to Container","1"
"1200","24","ExitCon","1200 mm","48""","Pipe Exit to Container","1"
"1400","24","ExitCon","1400 mm","54""","Pipe Exit to Container","1"
"1500","24","ExitCon","1500 mm","60""","Pipe Exit to Container","1"
"1800","24","ExitCon","1800 mm","72""","Pipe Exit to Container","1"
"2100","24","ExitCon","2100 mm","84""","Pipe Exit to Container","1"
"6","25","Open","6 mm","1/8""","Open Pipe Exit","1"
"7","25","Open","7 mm","3/16""","Open Pipe Exit","1"
"8","25","Open","8 mm","1/4""","Open Pipe Exit","1"
"9","25","Open","9 mm","5/16""","Open Pipe Exit","1"
"10","25","Open","10 mm","3/8""","Open Pipe Exit","1"
"12","25","Open","12 mm","7/16""","Open Pipe Exit","1"
"15","25","Open","15 mm","1/2""","Open Pipe Exit","1"
"18","25","Open","18 mm","5/8""","Open Pipe Exit","1"
"20","25","Open","20 mm","3/4""","Open Pipe Exit","1"
"22","25","Open","22 mm","7/8""","Open Pipe Exit","1"
"25","25","Open","25 mm","1""","Open Pipe Exit","1"
"32","25","Open","32 mm","1-1/4""","Open Pipe Exit","1"
"40","25","Open","40 mm","1-1/2""","Open Pipe Exit","1"
"50","25","Open","50 mm","2""","Open Pipe Exit","1"
"65","25","Open","65 mm","2-1/2""","Open Pipe Exit","1"
"80","25","Open","80 mm","3""","Open Pipe Exit","1"
"90","25","Open","90 mm","3-1/2""","Open Pipe Exit","1"
"100","25","Open","100 mm","4""","Open Pipe Exit","1"
"125","25","Open","125 mm","5""","Open Pipe Exit","1"
"150","25","Open","150 mm","6""","Open Pipe Exit","1"
"200","25","Open","200 mm","8""","Open Pipe Exit","1"
"250","25","Open","250 mm","10""","Open Pipe Exit","1"
"300","25","Open","300 mm","12""","Open Pipe Exit","1"
"350","25","Open","350 mm","14""","Open Pipe Exit","1"
"380","25","Open","380 mm","15""","Open Pipe Exit","1"
"400","25","Open","400 mm","16""","Open Pipe Exit","1"
"450","25","Open","450 mm","18""","Open Pipe Exit","1"
"500","25","Open","500 mm","20""","Open Pipe Exit","1"
"550","25","Open","550 mm","22""","Open Pipe Exit","1"
"600","25","Open","600 mm","24""","Open Pipe Exit","1"
"650","25","Open","650 mm","26""","Open Pipe Exit","1"
"700","25","Open","700 mm","28""","Open Pipe Exit","1"
"750","25","Open","750 mm","30""","Open Pipe Exit","1"
"800","25","Open","800 mm","32""","Open Pipe Exit","1"
"850","25","Open","850 mm","34""","Open Pipe Exit","1"
"900","25","Open","900 mm","36""","Open Pipe Exit","1"
"950","25","Open","950 mm","38""","Open Pipe Exit","1"
"1000","25","Open","1000 mm","40""","Open Pipe Exit","1"
"1050","25","Open","1050 mm","42""","Open Pipe Exit","1"
"1200","25","Open","1200 mm","48""","Open Pipe Exit","1"
"1400","25","Open","1400 mm","54""","Open Pipe Exit","1"
"1500","25","Open","1500 mm","60""","Open Pipe Exit","1"
"1800","25","Open","1800 mm","72""","Open Pipe Exit","1"
"2100","25","Open","2100 mm","84""","Open Pipe Exit","1"
"6","26","EntProj","6 mm","1/8""","Pipe Entry Projecting","0.78"
"7","26","EntProj","7 mm","3/16""","Pipe Entry Projecting","0.78"
"8","26","EntProj","8 mm","1/4""","Pipe Entry Projecting","0.78"
"9","26","EntProj","9 mm","5/16""","Pipe Entry Projecting","0.78"
"10","26","EntProj","10 mm","3/8""","Pipe Entry Projecting","0.78"
"12","26","EntProj","12 mm","7/16""","Pipe Entry Projecting","0.78"
"15","26","EntProj","15 mm","1/2""","Pipe Entry Projecting","0.78"
"18","26","EntProj","18 mm","5/8""","Pipe Entry Projecting","0.78"
"20","26","EntProj","20 mm","3/4""","Pipe Entry Projecting","0.78"
"22","26","EntProj","22 mm","7/8""","Pipe Entry Projecting","0.78"
"25","26","EntProj","25 mm","1""","Pipe Entry Projecting","0.78"
"32","26","EntProj","32 mm","1-1/4""","Pipe Entry Projecting","0.78"
"40","26","EntProj","40 mm","1-1/2""","Pipe Entry Projecting","0.78"
"50","26","EntProj","50 mm","2""","Pipe Entry Projecting","0.78"
"65","26","EntProj","65 mm","2-1/2""","Pipe Entry Projecting","0.78"
"80","26","EntProj","80 mm","3""","Pipe Entry Projecting","0.78"
"90","26","EntProj","90 mm","3-1/2""","Pipe Entry Projecting","0.78"
"100","26","EntProj","100 mm","4""","Pipe Entry Projecting","0.78"
"125","26","EntProj","125 mm","5""","Pipe Entry Projecting","0.78"
"150","26","EntProj","150 mm","6""","Pipe Entry Projecting","0.78"
"200","26","EntProj","200 mm","8""","Pipe Entry Projecting","0.78"
"250","26","EntProj","250 mm","10""","Pipe Entry Projecting","0.78"
"300","26","EntProj","300 mm","12""","Pipe Entry Projecting","0.78"
"350","26","EntProj","350 mm","14""","Pipe Entry Projecting","0.78"
"380","26","EntProj","380 mm","15""","Pipe Entry Projecting","0.78"
"400","26","EntProj","400 mm","16""","Pipe Entry Projecting","0.78"
"450","26","EntProj","450 mm","18""","Pipe Entry Projecting","0.78"
"500","26","EntProj","500 mm","20""","Pipe Entry Projecting","0.78"
"550","26","EntProj","550 mm","22""","Pipe Entry Projecting","0.78"
"600","26","EntProj","600 mm","24""","Pipe Entry Projecting","0.78"
"650","26","EntProj","650 mm","26""","Pipe Entry Projecting","0.78"
"700","26","EntProj","700 mm","28""","Pipe Entry Projecting","0.78"
"750","26","EntProj","750 mm","30""","Pipe Entry Projecting","0.78"
"800","26","EntProj","800 mm","32""","Pipe Entry Projecting","0.78"
"850","26","EntProj","850 mm","34""","Pipe Entry Projecting","0.78"
"900","26","EntProj","900 mm","36""","Pipe Entry Projecting","0.78"
"950","26","EntProj","950 mm","38""","Pipe Entry Projecting","0.78"
"1000","26","EntProj","1000 mm","40""","Pipe Entry Projecting","0.78"
"1050","26","EntProj","1050 mm","42""","Pipe Entry Projecting","0.78"
"1200","26","EntProj","1200 mm","48""","Pipe Entry Projecting","0.78"
"1400","26","EntProj","1400 mm","54""","Pipe Entry Projecting","0.78"
"1500","26","EntProj","1500 mm","60""","Pipe Entry Projecting","0.78"
"1800","26","EntProj","1800 mm","72""","Pipe Entry Projecting","0.78"
"2100","26","EntProj","2100 mm","84""","Pipe Entry Projecting","0.78"
"6","27","EntSharp","6 mm","1/8""","Pipe Entry Sharp","0.5"
"7","27","EntSharp","7 mm","3/16""","Pipe Entry Sharp","0.5"
"8","27","EntSharp","8 mm","1/4""","Pipe Entry Sharp","0.5"
"9","27","EntSharp","9 mm","5/16""","Pipe Entry Sharp","0.5"
"10","27","EntSharp","10 mm","3/8""","Pipe Entry Sharp","0.5"
"12","27","EntSharp","12 mm","7/16""","Pipe Entry Sharp","0.5"
"15","27","EntSharp","15 mm","1/2""","Pipe Entry Sharp","0.5"
"18","27","EntSharp","18 mm","5/8""","Pipe Entry Sharp","0.5"
"20","27","EntSharp","20 mm","3/4""","Pipe Entry Sharp","0.5"
"22","27","EntSharp","22 mm","7/8""","Pipe Entry Sharp","0.5"
"25","27","EntSharp","25 mm","1""","Pipe Entry Sharp","0.5"
"32","27","EntSharp","32 mm","1-1/4""","Pipe Entry Sharp","0.5"
"40","27","EntSharp","40 mm","1-1/2""","Pipe Entry Sharp","0.5"
"50","27","EntSharp","50 mm","2""","Pipe Entry Sharp","0.5"
"65","27","EntSharp","65 mm","2-1/2""","Pipe Entry Sharp","0.5"
"80","27","EntSharp","80 mm","3""","Pipe Entry Sharp","0.5"
"90","27","EntSharp","90 mm","3-1/2""","Pipe Entry Sharp","0.5"
"100","27","EntSharp","100 mm","4""","Pipe Entry Sharp","0.5"
"125","27","EntSharp","125 mm","5""","Pipe Entry Sharp","0.5"
"150","27","EntSharp","150 mm","6""","Pipe Entry Sharp","0.5"
"200","27","EntSharp","200 mm","8""","Pipe Entry Sharp","0.5"
"250","27","EntSharp","250 mm","10""","Pipe Entry Sharp","0.5"
"300","27","EntSharp","300 mm","12""","Pipe Entry Sharp","0.5"
"350","27","EntSharp","350 mm","14""","Pipe Entry Sharp","0.5"
"380","27","EntSharp","380 mm","15""","Pipe Entry Sharp","0.5"
"400","27","EntSharp","400 mm","16""","Pipe Entry Sharp","0.5"
"450","27","EntSharp","450 mm","18""","Pipe Entry Sharp","0.5"
"500","27","EntSharp","500 mm","20""","Pipe Entry Sharp","0.5"
"550","27","EntSharp","550 mm","22""","Pipe Entry Sharp","0.5"
"600","27","EntSharp","600 mm","24""","Pipe Entry Sharp","0.5"
"650","27","EntSharp","650 mm","26""","Pipe Entry Sharp","0.5"
"700","27","EntSharp","700 mm","28""","Pipe Entry Sharp","0.5"
"750","27","EntSharp","750 mm","30""","Pipe Entry Sharp","0.5"
"800","27","EntSharp","800 mm","32""","Pipe Entry Sharp","0.5"
"850","27","EntSharp","850 mm","34""","Pipe Entry Sharp","0.5"
"900","27","EntSharp","900 mm","36""","Pipe Entry Sharp","0.5"
"950","27","EntSharp","950 mm","38""","Pipe Entry Sharp","0.5"
"1000","27","EntSharp","1000 mm","40""","Pipe Entry Sharp","0.5"
"1050","27","EntSharp","1050 mm","42""","Pipe Entry Sharp","0.5"
"1200","27","EntSharp","1200 mm","48""","Pipe Entry Sharp","0.5"
"1400","27","EntSharp","1400 mm","54""","Pipe Entry Sharp","0.5"
"1500","27","EntSharp","1500 mm","60""","Pipe Entry Sharp","0.5"
"1800","27","EntSharp","1800 mm","72""","Pipe Entry Sharp","0.5"
"2100","27","EntSharp","2100 mm","84""","Pipe Entry Sharp","0.5"
