"1.01","Ethylene","C2 H4","15/05/2015"
"-100","0","1.974479","0.96911","0.006158","1.355369"
"-90","0","1.866672","0.97422","0.00648","1.344618"
"-80","0","1.770029","0.978208","0.0068","1.334755"
"-70","0","1.682899","0.981381","0.007122","1.325378"
"-60","0","1.603946","0.983947","0.007447","1.316274"
"-50","0","1.532068","0.98605","0.007777","1.307343"
"-40","0","1.466357","0.987797","0.008111","1.298551"
"-30","0","1.40605","0.989262","0.008448","1.289904"
"-20","0","1.350508","0.990502","0.008788","1.281424"
"-10","0","1.299187","0.991561","0.009129","1.273142"
"0","0","1.251624","0.992473","0.00947","1.265089"
"10","0","1.20742","0.993261","0.00981","1.257293"
"20","0","1.166232","0.993949","0.010149","1.249776"
"30","0","1.127762","0.994551","0.010487","1.242555"
"40","0","1.091748","0.995081","0.010822","1.235639"
"50","0","1.057964","0.995549","0.011154","1.229034"
"60","0","1.026207","0.995965","0.011484","1.222739"
"70","0","0.996302","0.996336","0.01181","1.216752"
"80","0","0.96809","0.996667","0.012133","1.211064"
"90","0","0.941432","0.996965","0.012453","1.205667"
"100","0","0.916203","0.997233","0.012769","1.20055"
"110","0","0.89229","0.997474","0.013082","1.195702"
"120","0","0.869594","0.997693","0.013392","1.191108"
"130","0","0.848024","0.997891","0.013698","1.186757"
"140","0","0.827499","0.998072","0.014001","1.182635"
"150","0","0.807943","0.998236","0.014301","1.178728"
"160","0","0.78929","0.998386","0.014598","1.175026"
"170","0","0.771479","0.998523","0.014892","1.171514"
"-100","10","21.461071","0.0381","0.167021","1.775804"
"-90","10","20.289295","0.036983","0.147343","1.820484"
"-80","10","19.238853","0.036077","0.130795","1.868929"
"-70","10","18.291826","0.035375","0.116496","1.923556"
"-60","10","17.433659","0.034884","0.103809","1.988511"
"-50","10","16.652406","0.034629","0.092244","2.071499"
"-40","10","15.93817","0.84859","0.008473","1.504165"
"-30","10","15.282683","0.870125","0.008774","1.452545"
"-20","10","14.678983","0.887332","0.009086","1.413911"
"-10","10","14.121164","0.901402","0.009407","1.383323"
"0","10","13.60419","0.913106","0.009733","1.358165"
"10","10","13.123731","0.922976","0.010062","1.336899"
"20","10","12.676051","0.931392","0.010392","1.318555"
"30","10","12.257907","0.938636","0.010722","1.302488"
"40","10","11.866468","0.944921","0.011051","1.288247"
"50","10","11.499256","0.950411","0.011379","1.275508"
"60","10","11.154088","0.955235","0.011705","1.264029"
"70","10","10.829038","0.959498","0.012028","1.253621"
"80","10","10.522397","0.963282","0.012349","1.244139"
"90","10","10.232643","0.966655","0.012667","1.235464"
"100","10","9.95842","0.969674","0.012983","1.227498"
"110","10","9.698511","0.972385","0.013295","1.220159"
"120","10","9.451824","0.974828","0.013604","1.21338"
"130","10","9.217374","0.977035","0.01391","1.207102"
"140","10","8.994274","0.979035","0.014213","1.201273"
"150","10","8.781719","0.980852","0.014513","1.195849"
"160","10","8.578978","0.982506","0.014811","1.190793"
"170","10","8.385387","0.984015","0.015105","1.18607"
"-100","20","40.947663","0.072557","0.167054","1.769449"
"-90","20","38.711918","0.070406","0.147531","1.812537"
"-80","20","36.707677","0.068649","0.131126","1.858805"
"-70","20","34.900752","0.067272","0.116968","1.9103"
"-60","20","33.263372","0.066281","0.104436","1.970437"
"-50","20","31.772744","0.065714","0.093055","2.0453"
"-40","20","30.409984","0.06566","0.082427","2.146989"
"-30","20","29.159317","0.066321","0.072142","2.304401"
"-20","20","28.007457","0.755706","0.009723","1.732078"
"-10","20","26.943142","0.7927","0.00994","1.603188"
"0","20","25.956756","0.821113","0.010196","1.522033"
"10","20","25.040042","0.843858","0.010474","1.464754"
"20","20","24.18587","0.862551","0.010767","1.421494"
"30","20","23.388052","0.878202","0.011068","1.387306"
"40","20","22.641187","0.891495","0.011375","1.359396"
"50","20","21.940547","0.902914","0.011685","1.336052"
"60","20","21.281969","0.912813","0.011996","1.316156"
"70","20","20.661774","0.921463","0.012307","1.298949"
"80","20","20.076703","0.92907","0.012618","1.283888"
"90","20","19.523855","0.935799","0.012927","1.270576"
"100","20","19.000637","0.941781","0.013235","1.258715"
"110","20","18.504731","0.947123","0.013541","1.248072"
"120","20","18.034053","0.951913","0.013845","1.238466"
"130","20","17.586724","0.956222","0.014147","1.229751"
"140","20","17.16105","0.960112","0.014446","1.221808"
"150","20","16.755495","0.963634","0.014743","1.214539"
"160","20","16.368666","0.966832","0.015037","1.207863"
"170","20","15.999296","0.969741","0.015329","1.20171"
"-100","30","60.434255","0.106889","0.167085","1.763267"
"-90","30","57.134541","0.103685","0.147713","1.80486"
"-80","30","54.176501","0.101054","0.131447","1.849111"
"-70","30","51.509679","0.09897","0.117426","1.89776"
"-60","30","49.093086","0.097435","0.105039","1.953636"
"-50","30","46.893082","0.096489","0.093827","2.021593"
"-40","30","44.881798","0.096236","0.083416","2.110733"
"-30","30","43.03595","0.096897","0.073451","2.240794"
"-20","30","41.335932","0.099004","0.06348","2.466454"
"-10","30","39.76512","0.640292","0.011071","2.35415"
"0","30","38.309322","0.706066","0.011022","1.897641"
"10","30","36.956353","0.750839","0.01114","1.704173"
"20","30","35.695689","0.784786","0.011331","1.59113"
"30","30","34.518196","0.811838","0.011562","1.515129"
"40","30","33.415907","0.834054","0.011817","1.459736"
"50","30","32.381839","0.852676","0.012088","1.417168"
"60","30","31.409849","0.868526","0.012368","1.383211"
"70","30","30.49451","0.882177","0.012655","1.355358"
"80","30","29.63101","0.894047","0.012945","1.332019"
"90","30","28.815066","0.90445","0.013238","1.312129"
"100","30","28.042855","0.913627","0.013533","1.294946"
"110","30","27.310952","0.92177","0.013827","1.279932"
"120","30","26.616282","0.929031","0.014121","1.266689"
"130","30","25.956074","0.935534","0.014414","1.254914"
"140","30","25.327826","0.941381","0.014706","1.244373"
"150","30","24.729271","0.946656","0.014996","1.234877"
"160","30","24.158354","0.95143","0.015285","1.226279"
"170","30","23.613204","0.955763","0.015572","1.218456"
"-100","40","79.920847","0.141098","0.167113","1.75725"
"-90","40","75.557164","0.136824","0.14789","1.797434"
"-80","40","71.645325","0.133297","0.131759","1.839813"
"-70","40","68.118605","0.130477","0.117871","1.885866"
"-60","40","64.922799","0.128359","0.105622","1.937948"
"-50","40","62.01342","0.126981","0.094566","1.999967"
"-40","40","59.353612","0.126446","0.084349","2.078882"
"-30","40","56.912583","0.126979","0.074655","2.188611"
"-20","40","54.664407","0.129071","0.065129","2.362628"
"-10","40","52.587097","0.134033","0.055184","2.713002"
"0","40","50.661888","0.148443","0.042594","4.249534"
"10","40","48.872663","0.630733","0.012363","2.331015"
"20","40","47.205508","0.693006","0.012227","1.91988"
"30","40","45.648341","0.737317","0.012281","1.725857"
"40","40","44.190626","0.771593","0.012425","1.608917"
"50","40","42.82313","0.799271","0.012618","1.529364"
"60","40","41.53773","0.822233","0.012842","1.471125"
"70","40","40.327246","0.841644","0.013086","1.426331"
"80","40","39.185317","0.858287","0.013342","1.390631"
"90","40","38.106277","0.872712","0.013608","1.361409"
"100","40","37.085072","0.885328","0.01388","1.336984"
"110","40","36.117172","0.896442","0.014156","1.316228"
"120","40","35.198511","0.906294","0.014435","1.298347"
"130","40","34.325424","0.915074","0.014715","1.282768"
"140","40","33.494602","0.922934","0.014995","1.269064"
"150","40","32.703048","0.930001","0.015276","1.256911"
"160","40","31.948043","0.936377","0.015556","1.246056"
"170","40","31.227112","0.942148","0.015836","1.2363"
"-100","50","99.407439","0.175188","0.167139","1.751388"
"-90","50","93.979787","0.169829","0.148062","1.790244"
"-80","50","89.11415","0.165386","0.132063","1.830881"
"-70","50","84.727531","0.161804","0.118302","1.874556"
"-60","50","80.752512","0.159068","0.106185","1.923242"
"-50","50","77.133758","0.15721","0.095275","1.980105"
"-40","50","73.825426","0.156327","0.085234","2.050539"
"-30","50","70.789217","0.156634","0.075773","2.144613"
"-20","50","67.992882","0.158574","0.0666","2.283981"
"-10","50","65.409075","0.163177","0.057321","2.527111"
"0","50","63.014454","0.173724","0.047066","3.12343"
"10","50","60.788974","0.363607","0.018314","24.810803"
"20","50","58.715327","0.574458","0.013919","2.810774"
"30","50","56.778486","0.650809","0.01341","2.124003"
"40","50","54.965346","0.702792","0.013291","1.84589"
"50","50","53.264422","0.742286","0.013329","1.689909"
"60","50","51.66561","0.773886","0.01345","1.588385"
"70","50","50.159983","0.799966","0.013621","1.516318"
"80","50","48.739623","0.821948","0.013823","1.462158"
"90","50","47.397489","0.840762","0.014047","1.419776"
"100","50","46.127289","0.857055","0.014285","1.385598"
"110","50","44.923393","0.871297","0.014534","1.357387"
"120","50","43.78074","0.883844","0.01479","1.333667"
"130","50","42.694774","0.894968","0.015052","1.31342"
"140","50","41.661377","0.904886","0.015316","1.295921"
"150","50","40.676824","0.913769","0.015584","1.280637"
"160","50","39.737731","0.921759","0.015852","1.267167"
"170","50","38.84102","0.928972","0.016122","1.255203"
"-100","60","118.894031","0.209163","0.167163","1.745674"
"-90","60","112.40241","0.202704","0.148229","1.783277"
"-80","60","106.582974","0.197326","0.132359","1.822288"
"-70","60","101.336458","0.19296","0.118721","1.863779"
"-60","60","96.582226","0.189575","0.10673","1.909406"
"-50","60","92.254095","0.187195","0.095958","1.961755"
"-40","60","88.29724","0.185909","0.086078","2.025053"
"-30","60","84.66585","0.185913","0.076821","2.106733"
"-20","60","81.321357","0.1876","0.067938","2.221384"
"-10","60","78.231052","0.191806","0.059138","2.402715"
"0","60","75.36702","0.200648","0.049951","2.752873"
"10","60","72.705285","0.222451","0.039063","3.832263"
"20","60","70.225146","0.380623","0.019862","8.150922"
"30","60","67.908631","0.545613","0.015471","3.042144"
"40","60","65.740065","0.626225","0.014604","2.250304"
"50","60","63.705714","0.681558","0.01431","1.926195"
"60","60","61.793491","0.723684","0.014242","1.746266"
"70","60","59.992719","0.757437","0.01429","1.630459"
"80","60","58.29393","0.785331","0.014406","1.549077"
"90","60","56.6887","0.808873","0.014567","1.488454"
"100","60","55.169507","0.829049","0.014757","1.44138"
"110","60","53.729613","0.846546","0.014967","1.403676"
"120","60","52.362969","0.861862","0.015193","1.372742"
"130","60","51.064124","0.875373","0.015429","1.346872"
"140","60","49.828153","0.887366","0.015672","1.324897"
"150","60","48.6506","0.898071","0.015922","1.305986"
"160","60","47.527419","0.907672","0.016175","1.289533"
"170","60","46.454928","0.916317","0.016431","1.275084"
"-100","70","138.380623","0.243026","0.167184","1.7401"
"-90","70","130.825033","0.235452","0.148391","1.776519"
"-80","70","124.051798","0.229124","0.132647","1.814009"
"-70","70","117.945384","0.22395","0.119129","1.853489"
"-60","70","112.411939","0.21989","0.107258","1.896349"
"-50","70","107.374433","0.216952","0.096616","1.944715"
"-40","70","102.769053","0.215216","0.086884","2.001933"
"-30","70","98.542483","0.214855","0.077809","2.073584"
"-20","70","94.649831","0.216216","0.069171","2.169803"
"-10","70","91.05303","0.219984","0.060739","2.311342"
"0","70","87.719586","0.227671","0.052218","2.548798"
"10","70","84.621596","0.243447","0.043066","3.045539"
"20","70","81.734964","0.285528","0.031859","4.609216"
"30","70","79.038776","0.422602","0.020151","4.932503"
"40","70","76.514785","0.542494","0.016766","2.943301"
"50","70","74.147005","0.617954","0.015715","2.271431"
"60","70","71.921371","0.672406","0.015291","1.956058"
"70","70","69.825455","0.714693","0.015134","1.773062"
"80","70","67.848237","0.748946","0.015117","1.653093"
"90","70","65.979911","0.777456","0.015184","1.568072"
"100","70","64.211724","0.801643","0.015305","1.504494"
"110","70","62.535834","0.822457","0.015463","1.455054"
"120","70","60.945199","0.840568","0.015647","1.415446"
"130","70","59.433473","0.856466","0.015849","1.382967"
"140","70","57.994929","0.870525","0.016066","1.35583"
"150","70","56.624376","0.883034","0.016292","1.332804"
"160","70","55.317107","0.894221","0.016526","1.313014"
"170","70","54.068836","0.904272","0.016766","1.295819"
"-100","80","157.867215","0.276779","0.167204","1.734662"
"-90","80","149.247656","0.268079","0.148549","1.769958"
"-80","80","141.520622","0.260783","0.132928","1.806025"
"-70","80","134.554311","0.254784","0.119526","1.843644"
"-60","80","128.241652","0.250022","0.107771","1.88399"
"-50","80","122.494771","0.246497","0.097251","1.928819"
"-40","80","117.240867","0.244269","0.087657","1.980802"
"-30","80","112.419117","0.243493","0.078747","2.044188"
"-20","80","107.978306","0.244469","0.070319","2.126194"
"-10","80","103.875007","0.247767","0.062184","2.240201"
"0","80","100.072152","0.254524","0.054133","2.414081"
"10","80","96.537906","0.267323","0.045879","2.715307"
"20","80","93.244783","0.293378","0.03696","3.331353"
"30","80","90.16892","0.355844","0.027173","4.3845"
"40","80","87.289504","0.464137","0.020357","3.706514"
"50","80","84.588297","0.555481","0.01776","2.712775"
"60","80","82.049252","0.622049","0.016694","2.216238"
"70","80","79.658191","0.672952","0.016202","1.943261"
"80","80","77.402543","0.713613","0.015983","1.773377"
"90","80","75.271123","0.747095","0.015916","1.657879"
"100","80","73.253941","0.77527","0.015942","1.574294"
"110","80","71.342055","0.799362","0.016029","1.510977"
"120","80","69.527428","0.82022","0.016159","1.461328"
"130","80","67.802823","0.838456","0.016318","1.421333"
"140","80","66.161704","0.854529","0.016499","1.388413"
"150","80","64.598152","0.868791","0.016697","1.360837"
"160","80","63.106795","0.881517","0.016908","1.337398"
"170","80","61.682744","0.892928","0.017127","1.317228"
"-100","90","177.353806","0.310425","0.167222","1.729351"
"-90","90","167.670279","0.300587","0.148703","1.763584"
"-80","90","158.989447","0.29231","0.133203","1.798314"
"-70","90","151.163237","0.285466","0.119914","1.83421"
"-60","90","144.071366","0.279982","0.10827","1.872264"
"-50","90","137.615109","0.27584","0.097867","1.913932"
"-40","90","131.712681","0.273086","0.088401","1.961365"
"-30","90","126.29575","0.271853","0.07964","2.017838"
"-20","90","121.306781","0.272398","0.071397","2.088589"
"-10","90","116.696985","0.275198","0.063508","2.182551"
"0","90","112.424718","0.281136","0.055814","2.316168"
"10","90","108.454217","0.291983","0.048138","2.522172"
"20","90","104.754602","0.31167","0.040278","2.866252"
"30","90","101.299065","0.349497","0.032164","3.41214"
"40","90","98.064224","0.418761","0.024894","3.662278"
"50","90","95.029589","0.50372","0.020567","3.061461"
"60","90","92.177132","0.576548","0.018535","2.483399"
"70","90","89.490927","0.634231","0.017541","2.126872"
"80","90","86.95685","0.68053","0.017032","1.903798"
"90","90","84.562334","0.718574","0.016779","1.754653"
"100","90","82.296159","0.750474","0.016678","1.648849"
"110","90","80.148275","0.777656","0.016673","1.570185"
"120","90","78.109657","0.801115","0.016733","1.509511"
"130","90","76.172173","0.82157","0.016838","1.461331"
"140","90","74.32848","0.839557","0.016976","1.422168"
"150","90","72.571929","0.855485","0.017139","1.389716"
"160","90","70.896483","0.869674","0.01732","1.362394"
"170","90","69.296653","0.882379","0.017516","1.339081"
"-100","100","196.840398","0.343968","0.167237","1.724163"
"-90","100","186.092902","0.33298","0.148852","1.757386"
"-80","100","176.458271","0.323708","0.13347","1.79086"
"-70","100","167.772163","0.316003","0.120291","1.825155"
"-60","100","159.901079","0.309776","0.108756","1.861111"
"-50","100","152.735447","0.304993","0.098464","1.899941"
"-40","100","146.184495","0.301684","0.089118","1.943388"
"-30","100","140.172383","0.299957","0.080494","1.994001"
"-20","100","134.635256","0.300034","0.072416","2.055648"
"-10","100","129.518963","0.302312","0.064737","2.134452"
"0","100","124.777284","0.307494","0.057326","2.240582"
"10","100","120.370528","0.316867","0.050064","2.391473"
"20","100","116.264421","0.332905","0.042844","2.615056"
"30","100","112.42921","0.360428","0.035658","2.931879"
"40","100","108.838943","0.406817","0.028934","3.217628"
"50","100","105.47088","0.472383","0.023815","3.091947"
"60","100","102.305013","0.541146","0.020795","2.664381"
"70","100","99.323663","0.601235","0.01917","2.290637"
"80","100","96.511157","0.651231","0.01828","2.030653"
"90","100","93.853545","0.692843","0.017785","1.851822"
"100","100","91.338376","0.727887","0.017521","1.72459"
"110","100","88.954496","0.757781","0.017399","1.630543"
"120","100","86.691886","0.783574","0.017373","1.558623"
"130","100","84.541523","0.806049","0.017412","1.502032"
"140","100","82.495256","0.825793","0.017499","1.456432"
"150","100","80.545705","0.843261","0.017619","1.418955"
"160","100","78.686171","0.858808","0.017766","1.387637"
"170","100","76.910561","0.872717","0.017933","1.361094"
"-100","110","216.32699","0.377409","0.167251","1.719092"
"-90","110","204.515525","0.365262","0.148998","1.751356"
"-80","110","193.927095","0.354982","0.133732","1.783648"
"-70","110","184.38109","0.346401","0.120661","1.816451"
"-60","110","175.730792","0.339413","0.109229","1.850481"
"-50","110","167.855785","0.333966","0.099043","1.88675"
"-40","110","160.656309","0.330075","0.089811","1.92668"
"-30","110","154.049017","0.327825","0.081314","1.972273"
"-20","110","147.963731","0.327402","0.073384","2.026424"
"-10","110","142.34094","0.329139","0.065886","2.093418"
"0","110","137.129849","0.333602","0.058709","2.179764"
"10","110","132.286839","0.341762","0.051763","2.295308"
"20","110","127.77424","0.355311","0.044983","2.453213"
"30","110","123.559355","0.37715","0.038379","2.659621"
"40","110","119.613662","0.411468","0.032177","2.867751"
"50","110","115.912172","0.460727","0.02696","2.91387"
"60","110","112.432893","0.519162","0.023292","2.70037"
"70","110","109.156399","0.576471","0.021045","2.395413"
"80","110","106.065463","0.62729","0.019721","2.134897"
"90","110","103.144757","0.6709","0.018937","1.939901"
"100","110","100.380593","0.70817","0.018474","1.796424"
"110","110","97.760716","0.740193","0.018212","1.689098"
"120","110","95.274115","0.767925","0.018082","1.606833"
"130","110","92.910873","0.792133","0.018043","1.542231"
"140","110","90.662032","0.81342","0.018068","1.490381"
"150","110","88.519481","0.83226","0.018139","1.447966"
"160","110","86.475859","0.849029","0.018246","1.412694"
"170","110","84.524469","0.864031","0.018379","1.382944"
"-100","120","235.813582","0.410752","0.167264","1.714133"
"-90","120","222.938148","0.397434","0.14914","1.745485"
"-80","120","211.395919","0.386135","0.133988","1.776662"
"-70","120","200.990016","0.376665","0.121021","1.808074"
"-60","120","191.560506","0.368898","0.109691","1.84033"
"-50","120","182.976123","0.362769","0.099606","1.874278"
"-40","120","175.128123","0.358272","0.090481","1.911084"
"-30","120","167.92565","0.355473","0.082102","1.952336"
"-20","120","161.292205","0.354524","0.074307","2.000223"
"-10","120","155.162918","0.355702","0.066969","2.057796"
"0","120","149.482415","0.359469","0.05999","2.129325"
"10","120","144.20315","0.366576","0.053296","2.220582"
"20","120","139.284059","0.378242","0.046842","2.338092"
"30","120","134.6895","0.396377","0.040643","2.483031"
"40","120","130.388382","0.42357","0.034835","2.631369"
"50","120","126.353464","0.46188","0.02975","2.708864"
"60","120","122.560774","0.509727","0.025788","2.629922"
"70","120","118.989135","0.560991","0.023061","2.425997"
"80","120","115.61977","0.609813","0.021315","2.200989"
"90","120","112.435968","0.653576","0.020219","2.009203"
"100","120","109.422811","0.691909","0.019533","1.858672"
"110","120","106.566937","0.725308","0.01911","1.742447"
"120","120","103.856344","0.754468","0.01886","1.652016"
"130","120","101.280223","0.780046","0.01873","1.580546"
"140","120","98.828807","0.802605","0.018683","1.523077"
"150","120","96.493257","0.82261","0.018698","1.476091"
"160","120","94.265547","0.840438","0.018759","1.437089"
"170","120","92.138377","0.856399","0.018855","1.404274"
"-100","130","255.300174","0.443997","0.167274","1.709282"
"-90","130","241.360771","0.429501","0.149279","1.739765"
"-80","130","228.864743","0.417172","0.134239","1.769889"
"-70","130","217.598943","0.406799","0.121374","1.800002"
"-60","130","207.390219","0.398239","0.110142","1.830619"
"-50","130","198.096461","0.391409","0.100155","1.862456"
"-40","130","189.599936","0.386286","0.091132","1.896472"
"-30","130","181.802283","0.382915","0.082863","1.933937"
"-20","130","174.62068","0.381417","0.075191","1.976524"
"-10","130","167.984895","0.382023","0.067996","2.026434"
"0","130","161.834981","0.385109","0.061187","2.086519"
"10","130","156.11946","0.391266","0.054701","2.160235"
"20","130","150.793877","0.401405","0.048503","2.250849"
"30","130","145.819644","0.41686","0.042603","2.357751"
"40","130","141.163101","0.439345","0.037094","2.466447"
"50","130","136.794755","0.470348","0.032182","2.537943"
"60","130","132.688654","0.509644","0.028132","2.519832"
"70","130","128.821871","0.554062","0.0251","2.398826"
"80","130","125.174077","0.599038","0.023001","2.225502"
"90","130","121.727179","0.641305","0.021602","2.053721"
"100","130","118.465028","0.679502","0.020683","1.906674"
"110","130","115.373157","0.713443","0.020085","1.787438"
"120","130","112.438574","0.743445","0.019703","1.692085"
"130","130","109.649573","0.769972","0.019471","1.615576"
"140","130","106.995583","0.793491","0.019346","1.553556"
"150","130","104.467033","0.814421","0.019297","1.50265"
"160","130","102.055235","0.833119","0.019307","1.460331"
"170","130","99.752285","0.84989","0.01936","1.424723"
"-100","140","274.786766","0.477149","0.167284","1.704533"
"-90","140","259.783394","0.461465","0.149415","1.734189"
"-80","140","246.333568","0.448095","0.134484","1.763318"
"-70","140","234.207869","0.436807","0.121719","1.792213"
"-60","140","223.219932","0.42744","0.110582","1.821313"
"-50","140","213.216798","0.419893","0.10069","1.851222"
"-40","140","204.07175","0.414126","0.091763","1.882735"
"-30","140","195.678917","0.410163","0.083598","1.916873"
"-20","140","187.949155","0.408098","0.076039","1.954926"
"-10","140","180.806873","0.408119","0.068973","1.998501"
"0","140","174.187547","0.410534","0.062314","2.049526"
"10","140","168.035771","0.415813","0.056004","2.110088"
"20","140","162.303696","0.424652","0.050013","2.181756"
"30","140","156.949789","0.438022","0.044347","2.263304"
"40","140","151.937821","0.457116","0.039072","2.345224"
"50","140","147.236047","0.483","0.034321","2.404356"
"60","140","142.816535","0.515821","0.030278","2.409211"
"70","140","138.654608","0.553981","0.027077","2.340938"
"80","140","134.728383","0.594393","0.024713","2.216451"
"90","140","131.018391","0.634043","0.023049","2.073212"
"100","140","127.507245","0.671081","0.021904","1.938205"
"110","140","124.179378","0.704763","0.021127","1.82191"
"120","140","121.020803","0.735008","0.020605","1.725364"
"130","140","118.018922","0.762038","0.020263","1.6461"
"140","140","115.162359","0.78618","0.020051","1.580941"
"150","140","112.44081","0.807775","0.019934","1.527008"
"160","140","109.844923","0.82714","0.019887","1.481952"
"170","140","107.366193","0.844556","0.019894","1.443941"
"-100","150","294.273358","0.510208","0.167291","1.699885"
"-90","150","278.206017","0.493329","0.149547","1.72875"
"-80","150","263.802392","0.478909","0.134724","1.756937"
"-70","150","250.816795","0.466695","0.122057","1.78469"
"-60","150","239.049646","0.456508","0.111012","1.812382"
"-50","150","228.337136","0.448229","0.101211","1.840526"
"-40","150","218.543564","0.441802","0.092378","1.869782"
"-30","150","209.55555","0.437228","0.08431","1.900977"
"-20","150","201.27763","0.43458","0.076857","1.935115"
"-10","150","193.62885","0.434005","0.069908","1.973381"
"0","150","186.540113","0.435755","0.063382","2.017087"
"10","150","179.952082","0.440207","0.057223","2.067486"
"20","150","173.813515","0.447901","0.051405","2.125235"
"30","150","168.079934","0.459562","0.045929","2.188947"
"40","150","162.71254","0.476052","0.04084","2.252044"
"50","150","157.677339","0.498146","0.036232","2.299631"
"60","150","152.944415","0.526064","0.032233","2.311631"
"70","150","148.487344","0.558967","0.028948","2.272949"
"80","150","144.28269","0.594866","0.026402","2.18605"
"90","150","140.309602","0.631349","0.02452","2.071983"
"100","150","136.549463","0.666507","0.023171","1.953793"
"110","150","132.985598","0.699263","0.022219","1.84513"
"120","150","129.603032","0.729202","0.021556","1.750897"
"130","150","126.388272","0.756301","0.021101","1.671264"
"140","150","123.329135","0.780727","0.020797","1.604549"
"150","150","120.414586","0.802722","0.020606","1.548638"
"160","150","117.634612","0.822542","0.020498","1.501552"
"170","150","114.980101","0.840432","0.020456","1.461622"
"-100","160","313.75995","0.543177","0.167297","1.695331"
"-90","160","296.62864","0.525094","0.149676","1.723443"
"-80","160","281.271216","0.509615","0.134959","1.750737"
"-70","160","267.425722","0.496466","0.122388","1.777417"
"-60","160","254.879359","0.485447","0.111434","1.8038"
"-50","160","243.457474","0.476423","0.10172","1.830321"
"-40","160","233.015378","0.46932","0.092976","1.857533"
"-30","160","223.432183","0.464122","0.085","1.88611"
"-20","160","214.606105","0.460874","0.077646","1.916841"
"-10","160","206.450828","0.459695","0.070805","1.950604"
"0","160","198.892679","0.460785","0.064398","1.988297"
"10","160","191.868393","0.464447","0.058372","2.030656"
"20","160","185.323334","0.471105","0.052701","2.077836"
"30","160","179.210079","0.48131","0.047383","2.128481"
"40","160","173.48726","0.495701","0.042448","2.177849"
"50","160","168.11863","0.51485","0.037964","2.215872"
"60","160","163.072296","0.538965","0.034021","2.228938"
"70","160","158.32008","0.56757","0.030701","2.205998"
"80","160","153.836997","0.599374","0.028035","2.144981"
"90","160","149.600813","0.63257","0.025986","2.05613"
"100","160","145.59168","0.66544","0.02446","1.955932"
"110","160","141.791819","0.696785","0.023346","1.85772"
"120","160","138.185261","0.725965","0.022545","1.768532"
"130","160","134.757622","0.752746","0.021976","1.690679"
"140","160","131.49591","0.777138","0.021578","1.623964"
"150","160","128.388362","0.799274","0.02131","1.567171"
"160","160","125.4243","0.81934","0.021139","1.518824"
"170","160","122.59401","0.837533","0.021043","1.477519"
"-100","170","333.246542","0.576058","0.167302","1.690869"
"-90","170","315.051263","0.556764","0.149801","1.718261"
"-80","170","298.74004","0.540218","0.135189","1.744708"
"-70","170","284.034648","0.526123","0.122712","1.770378"
"-60","170","270.709072","0.514261","0.111846","1.795541"
"-50","170","258.577812","0.50448","0.102218","1.820567"
"-40","170","247.487192","0.496688","0.093559","1.845921"
"-30","170","237.308817","0.490851","0.085671","1.872158"
"-20","170","227.934579","0.486992","0.078409","1.8999"
"-10","170","219.272805","0.4852","0.071668","1.929805"
"0","170","211.245245","0.485632","0.065369","1.962489"
"10","170","203.784703","0.488533","0.059462","1.998359"
"20","170","196.833153","0.494235","0.053918","2.037302"
"30","170","190.340224","0.503164","0.048734","2.078064"
"40","170","184.261979","0.515798","0.04393","2.117111"
"50","170","178.559922","0.532567","0.039552","2.147399"
"60","170","173.200176","0.553644","0.035668","2.159298"
"70","170","168.152816","0.578733","0.03234","2.144629"
"80","170","163.391303","0.606964","0.029598","2.100476"
"90","170","158.892025","0.63701","0.027423","2.031383"
"100","170","154.633897","0.667435","0.02575","1.947928"
"110","170","150.598039","0.697067","0.024493","1.86121"
"120","170","146.76749","0.725148","0.023562","1.77881"
"130","170","143.126972","0.751292","0.02288","1.70441"
"140","170","139.662686","0.77537","0.022389","1.63906"
"150","170","136.362138","0.79741","0.022042","1.582423"
"160","170","133.213988","0.817523","0.021805","1.533582"
"170","170","130.207918","0.835855","0.021654","1.491464"
"-100","180","352.733134","0.608852","0.167306","1.686495"
"-90","180","333.473886","0.588341","0.149925","1.713199"
"-80","180","316.208864","0.570719","0.135415","1.738841"
"-70","180","300.643575","0.55567","0.12303","1.76356"
"-60","180","286.538786","0.542955","0.11225","1.787583"
"-50","180","273.69815","0.532406","0.102705","1.811229"
"-40","180","261.959006","0.523913","0.094128","1.834889"
"-30","180","251.18545","0.517425","0.086324","1.859023"
"-20","180","241.263054","0.512943","0.079149","1.884127"
"-10","180","232.094783","0.51053","0.0725","1.910698"
"0","180","223.597811","0.510308","0.0663","1.939156"
"10","180","215.701014","0.512469","0.060499","1.969704"
"20","180","208.342972","0.517276","0.055068","2.002087"
"30","180","201.470368","0.525058","0.05","2.035178"
"40","180","195.036699","0.536178","0.045307","2.066275"
"50","180","189.001214","0.550959","0.041023","2.090309"
"60","180","183.328057","0.569539","0.037197","2.100286"
"70","180","177.985552","0.591716","0.033876","2.089975"
"80","180","172.94561","0.616874","0.031086","2.056627"
"90","180","168.183236","0.644028","0.028819","2.002162"
"100","180","163.676115","0.67202","0.027028","1.933008"
"110","180","159.40426","0.699789","0.025645","1.857521"
"120","180","155.349719","0.726546","0.024595","1.782715"
"130","180","151.496322","0.751807","0.023807","1.712888"
"140","180","147.829462","0.77534","0.023224","1.649973"
"150","180","144.335914","0.797078","0.022798","1.594388"
"160","180","141.003676","0.817058","0.022495","1.545759"
"170","180","137.821826","0.835373","0.022287","1.503372"
"-100","190","372.219726","0.641562","0.167308","1.682207"
"-90","190","351.896509","0.619826","0.150045","1.708251"
"-80","190","333.677689","0.601122","0.135637","1.733129"
"-70","190","317.252501","0.58511","0.123342","1.75695"
"-60","190","302.368499","0.571533","0.112646","1.779908"
"-50","190","288.818488","0.560205","0.103181","1.802275"
"-40","190","276.430819","0.551001","0.094683","1.824385"
"-30","190","265.062083","0.54385","0.086959","1.846622"
"-20","190","254.591529","0.538736","0.079868","1.869384"
"-10","190","244.916761","0.535696","0.073305","1.893051"
"0","190","235.950377","0.53482","0.067196","1.917907"
"10","190","227.617325","0.536259","0.061491","1.944027"
"20","190","219.852791","0.540217","0.056161","1.971091"
"30","190","212.600513","0.54695","0.051195","1.998102"
"40","190","205.811418","0.556735","0.046599","2.022949"
"50","190","199.442505","0.569812","0.042398","2.041896"
"60","190","193.455937","0.586286","0.038626","2.049776"
"70","190","187.818288","0.60601","0.03532","2.041744"
"80","190","182.499917","0.628524","0.032502","2.015378"
"90","190","177.474447","0.653079","0.030167","1.971456"
"100","190","172.718332","0.678752","0.028281","1.913872"
"110","190","168.21048","0.704619","0.026791","1.848564"
"120","190","163.931949","0.729921","0.025635","1.781427"
"130","190","159.865672","0.754129","0.024748","1.716772"
"140","190","155.996238","0.776934","0.024076","1.657036"
"150","190","152.309691","0.798197","0.023574","1.603211"
"160","190","148.793364","0.817888","0.023204","1.5554"
"170","190","145.435734","0.83605","0.022939","1.513234"
"-100","200","391.706318","0.674189","0.167309","1.678"
"-90","200","370.319132","0.651223","0.150162","1.703414"
"-80","200","351.146513","0.631429","0.135854","1.727564"
"-70","200","333.861427","0.614446","0.123649","1.750537"
"-60","200","318.198212","0.599998","0.113035","1.772497"
"-50","200","303.938826","0.587882","0.103648","1.793677"
"-40","200","290.902633","0.577956","0.095227","1.814365"
"-30","200","278.938717","0.570133","0.08758","1.834883"
"-20","200","267.920004","0.564378","0.080566","1.855556"
"-10","200","257.738738","0.560704","0.074084","1.876675"
"0","200","248.302943","0.559177","0.06806","1.898433"
"10","200","239.533636","0.559907","0.062443","1.920825"
"20","200","231.362609","0.563054","0.057204","1.94351"
"30","200","223.730658","0.568814","0.052328","1.965617"
"40","200","216.586137","0.577396","0.047818","1.985463"
"50","200","209.883797","0.58898","0.04369","2.000243"
"60","200","203.583818","0.603641","0.03997","2.006086"
"70","200","197.651024","0.621262","0.036684","1.999186"
"80","200","192.054223","0.641485","0.03385","1.977428"
"90","200","186.765659","0.663725","0.031465","1.941065"
"100","200","181.760549","0.687237","0.029504","1.892552"
"110","200","177.016701","0.711239","0.027925","1.83602"
"120","200","172.514178","0.73503","0.026674","1.776132"
"130","200","168.235022","0.758075","0.025697","1.716823"
"140","200","164.163013","0.780022","0.024942","1.660705"
"150","200","160.283467","0.800672","0.024364","1.60915"
"160","200","156.583052","0.819943","0.023929","1.562639"
"170","200","153.049642","0.83783","0.023608","1.521115"
"-100","210","411.19291","0.706734","0.167308","1.673873"
"-90","210","388.741755","0.682532","0.150277","1.698682"
"-80","210","368.615337","0.661643","0.136068","1.722139"
"-70","210","350.470354","0.643682","0.12395","1.744309"
"-60","210","334.027926","0.628355","0.113416","1.765333"
"-50","210","319.059164","0.615442","0.104105","1.78541"
"-40","210","305.374447","0.604785","0.095758","1.80479"
"-30","210","292.81535","0.596281","0.088185","1.823745"
"-20","210","281.248479","0.589876","0.081246","1.842545"
"-10","210","270.560716","0.585564","0.074841","1.861416"
"0","210","260.655509","0.583385","0.068895","1.880487"
"10","210","251.449947","0.583418","0.06336","1.899707"
"20","210","242.872428","0.585783","0.058202","1.918742"
"30","210","234.860803","0.59063","0.053408","1.936831"
"40","210","227.360857","0.598113","0.048975","1.952619"
"50","210","220.325089","0.608366","0.044913","1.963956"
"60","210","213.711698","0.621435","0.04124","1.967916"
"70","210","207.48376","0.637224","0.037976","1.961495"
"80","210","201.60853","0.655442","0.035135","1.942849"
"90","210","196.05687","0.675618","0.032714","1.911957"
"100","210","190.802767","0.697145","0.030693","1.870453"
"110","210","185.822921","0.719362","0.029039","1.821246"
"120","210","181.096407","0.74164","0.027707","1.767906"
"130","210","176.604371","0.763465","0.026647","1.713804"
"140","210","172.329789","0.784463","0.025814","1.661488"
"150","210","168.257243","0.804397","0.025166","1.612526"
"160","210","164.37274","0.823142","0.024668","1.567674"
"170","210","160.66355","0.840653","0.02429","1.52713"
"-100","220","430.679502","0.7392","0.167307","1.669822"
"-90","220","407.164378","0.713756","0.15039","1.694052"
"-80","220","386.084161","0.691765","0.136277","1.716848"
"-70","220","367.07928","0.672819","0.124245","1.738259"
"-60","220","349.857639","0.656606","0.11379","1.758402"
"-50","220","334.179501","0.642888","0.104554","1.777452"
"-40","220","319.846261","0.631491","0.096279","1.795625"
"-30","220","306.691983","0.622298","0.088777","1.813155"
"-20","220","294.576953","0.615237","0.081909","1.830268"
"-10","220","283.382693","0.610282","0.075576","1.847143"
"0","220","273.008075","0.607451","0.069705","1.863868"
"10","220","263.366257","0.606796","0.064244","1.880366"
"20","220","254.382247","0.608405","0.059162","1.896321"
"30","220","245.990948","0.612385","0.054442","1.911077"
"40","220","238.135576","0.618852","0.050078","1.923528"
"50","220","230.76638","0.627897","0.046076","1.932003"
"60","220","223.839579","0.639548","0.042447","1.934263"
"70","220","217.316496","0.653716","0.039206","1.92794"
"80","220","211.162837","0.670161","0.036363","1.911439"
"90","220","205.348081","0.688491","0.033916","1.884571"
"100","220","199.844984","0.708204","0.031848","1.848477"
"110","220","194.629142","0.728737","0.030132","1.805269"
"120","220","189.678636","0.749537","0.028728","1.757658"
"130","220","184.973721","0.770121","0.027595","1.708425"
"140","220","180.496565","0.790115","0.026691","1.659897"
"150","220","176.231019","0.80926","0.025975","1.613693"
"160","220","172.162428","0.827397","0.025416","1.570739"
"170","220","168.277459","0.844449","0.024984","1.531432"
"-100","230","450.166094","0.771587","0.167305","1.665845"
"-90","230","425.587001","0.744897","0.1505","1.689519"
"-80","230","403.552985","0.721798","0.136483","1.711685"
"-70","230","383.688206","0.701861","0.124536","1.732376"
"-60","230","365.687352","0.684754","0.114158","1.751691"
"-50","230","349.299839","0.670224","0.104994","1.769782"
"-40","230","334.318075","0.65808","0.096789","1.786839"
"-30","230","320.568617","0.64819","0.089355","1.803066"
"-20","230","307.905428","0.640466","0.082556","1.818654"
"-10","230","296.204671","0.634864","0.076292","1.83375"
"0","230","285.360641","0.631381","0.07049","1.848411"
"10","230","275.282568","0.630047","0.065099","1.862554"
"20","230","265.892066","0.630918","0.060087","1.875887"
"30","230","257.121092","0.634071","0.055434","1.887846"
"40","230","248.910296","0.639587","0.051133","1.897523"
"50","230","241.207672","0.647525","0.047186","1.903599"
"60","230","233.96746","0.657894","0.043598","1.904347"
"70","230","227.149233","0.67061","0.040381","1.897901"
"80","230","220.717143","0.685468","0.03754","1.882897"
"90","230","214.639293","0.702137","0.035074","1.859046"
"100","230","208.887201","0.720192","0.032969","1.827156"
"110","230","203.435363","0.739151","0.0312","1.78882"
"120","230","198.260865","0.758528","0.029735","1.746121"
"130","230","193.343071","0.777881","0.028537","1.701306"
"140","230","188.663341","0.796845","0.027566","1.656414"
"150","230","184.204795","0.815151","0.026789","1.613003"
"160","230","179.952116","0.832619","0.026171","1.572085"
"170","230","175.891367","0.849146","0.025686","1.534195"
"-100","240","469.652686","0.803898","0.167301","1.66194"
"-90","240","444.009623","0.775956","0.150607","1.685079"
"-80","240","421.02181","0.751743","0.136685","1.706643"
"-70","240","400.297133","0.730809","0.124821","1.726651"
"-60","240","381.517066","0.712802","0.114519","1.745186"
"-50","240","364.420177","0.697453","0.105427","1.762381"
"-40","240","348.789889","0.684556","0.097289","1.778404"
"-30","240","334.44525","0.673962","0.089922","1.793435"
"-20","240","321.233903","0.665568","0.083189","1.807641"
"-10","240","309.026648","0.659316","0.07699","1.821142"
"0","240","297.713207","0.655182","0.071253","1.83398"
"10","240","287.198879","0.653174","0.065928","1.84607"
"20","240","277.401885","0.653325","0.060981","1.857152"
"30","240","268.251237","0.655683","0.05639","1.866741"
"40","240","259.685015","0.660301","0.052147","1.874087"
"50","240","251.648963","0.667212","0.048249","1.87814"
"60","240","244.09534","0.676409","0.0447","1.877556"
"70","240","236.981969","0.687809","0.041506","1.870862"
"80","240","230.27145","0.701233","0.038671","1.85691"
"90","240","223.930504","0.716396","0.036191","1.835358"
"100","240","217.929419","0.732933","0.034056","1.806774"
"110","240","212.241583","0.750426","0.032244","1.772395"
"120","240","206.843094","0.768448","0.030725","1.733856"
"130","240","201.712421","0.786595","0.029469","1.692967"
"140","240","196.830116","0.804523","0.028439","1.651467"
"150","240","192.178572","0.821962","0.027603","1.610791"
"160","240","187.741804","0.838719","0.026931","1.571963"
"170","240","183.505275","0.854671","0.026395","1.535602"
"-100","250","489.139278","0.836134","0.167296","1.658104"
"-90","250","462.432246","0.806935","0.150713","1.68073"
"-80","250","438.490634","0.781604","0.136884","1.70172"
"-70","250","416.906059","0.759667","0.125102","1.721079"
"-60","250","397.346779","0.740754","0.114875","1.738877"
"-50","250","379.540515","0.724579","0.105851","1.755233"
"-40","250","363.261703","0.710921","0.09778","1.770297"
"-30","250","348.321883","0.699617","0.090477","1.784228"
"-20","250","334.562378","0.69055","0.083807","1.797175"
"-10","250","321.848626","0.683644","0.077671","1.809242"
"0","250","310.065773","0.678858","0.071996","1.82046"
"10","250","299.11519","0.676182","0.066733","1.83075"
"20","250","288.911704","0.675626","0.061846","1.839883"
"30","250","279.381382","0.677217","0.057313","1.847446"
"40","250","270.459735","0.680981","0.053123","1.852818"
"50","250","262.090255","0.686931","0.049271","1.855155"
"60","250","254.223221","0.695044","0.045758","1.853401"
"70","250","246.814705","0.70524","0.042587","1.846396"
"80","250","239.825757","0.717356","0.039759","1.833185"
"90","250","233.221715","0.731145","0.037271","1.813409"
"100","250","226.971636","0.746287","0.035111","1.787458"
"110","250","221.047804","0.762415","0.033262","1.756309"
"120","250","215.425324","0.779152","0.031698","1.721275"
"130","250","210.081771","0.796134","0.03039","1.683827"
"140","250","204.996892","0.813036","0.029306","1.645429"
"150","250","200.152348","0.829595","0.028417","1.607361"
"160","250","195.531492","0.845613","0.027693","1.570611"
"170","250","191.119183","0.860952","0.027108","1.535835"
"-100","260","508.62587","0.868295","0.167291","1.654334"
"-90","260","480.854869","0.837836","0.150816","1.676468"
"-80","260","455.959458","0.811381","0.137079","1.696908"
"-70","260","433.514986","0.788436","0.125379","1.71565"
"-60","260","413.176492","0.768611","0.115224","1.732754"
"-50","260","394.660853","0.751605","0.106269","1.748323"
"-40","260","377.733516","0.737181","0.098262","1.762494"
"-30","260","362.198517","0.725161","0.091021","1.775412"
"-20","260","347.890853","0.715415","0.084412","1.787209"
"-10","260","334.670604","0.707851","0.078336","1.797981"
"0","260","322.418339","0.702414","0.072721","1.807753"
"10","260","311.0315","0.699075","0.067516","1.816456"
"20","260","300.421523","0.697825","0.062685","1.823891"
"30","260","290.511527","0.698671","0.058206","1.829709"
"40","260","281.234454","0.701617","0.054066","1.833395"
"50","260","272.531547","0.70666","0.050257","1.834266"
"60","260","264.351101","0.713764","0.046778","1.831488"
"70","260","256.647441","0.722848","0.043629","1.824147"
"80","260","249.380063","0.733762","0.040809","1.811457"
"90","260","242.512927","0.746286","0.038315","1.793069"
"100","260","236.013853","0.760139","0.036136","1.769243"
"110","260","229.854024","0.774996","0.034256","1.74075"
"120","260","224.007553","0.79052","0.032653","1.708669"
"130","260","218.451121","0.80638","0.031299","1.674213"
"140","260","213.163668","0.822277","0.030166","1.638609"
"150","260","208.126124","0.837957","0.029227","1.602983"
"160","260","203.321181","0.85322","0.028455","1.568249"
"170","260","198.733091","0.867921","0.027825","1.535067"
"-100","270","528.112462","0.900384","0.167284","1.65063"
"-90","270","499.277492","0.86866","0.150917","1.67229"
"-80","270","473.428282","0.841077","0.137272","1.692203"
"-70","270","450.123912","0.817118","0.12565","1.710359"
"-60","270","429.006206","0.796377","0.115568","1.726805"
"-50","270","409.781191","0.778533","0.106679","1.741636"
"-40","270","392.20533","0.763337","0.098736","1.754975"
"-30","270","376.07515","0.750597","0.091555","1.766957"
"-20","270","361.219327","0.740167","0.085005","1.777703"
"-10","270","347.492581","0.731944","0.078986","1.787301"
"0","270","334.770905","0.725855","0.073428","1.795777"
"10","270","322.947811","0.721856","0.068278","1.803073"
"20","270","311.931341","0.719923","0.063501","1.80902"
"30","270","301.641672","0.720043","0.059072","1.813326"
"40","270","292.009174","0.722203","0.054978","1.815561"
"50","270","282.972838","0.726385","0.051209","1.815174"
"60","270","274.478982","0.732541","0.047761","1.811501"
"70","270","266.480177","0.740588","0.044634","1.80382"
"80","270","258.93437","0.750389","0.041824","1.791495"
"90","270","251.804138","0.761743","0.039327","1.774203"
"100","270","245.056071","0.7744","0.037133","1.752107"
"110","270","238.660245","0.78807","0.035227","1.725821"
"120","270","232.589782","0.802448","0.033589","1.696236"
"130","270","226.820471","0.817235","0.032194","1.664371"
"140","270","221.330444","0.832154","0.031018","1.631263"
"150","270","216.0999","0.846963","0.030033","1.597886"
"160","270","211.110869","0.861466","0.029216","1.565072"
"170","270","206.346999","0.875513","0.028542","1.53346"
"-100","280","547.599054","0.932401","0.167277","1.646988"
"-90","280","517.700115","0.899409","0.151016","1.668192"
"-80","280","490.897107","0.870693","0.137461","1.687602"
"-70","280","466.732838","0.845716","0.125918","1.7052"
"-60","280","444.835919","0.824053","0.115906","1.721024"
"-50","280","424.901529","0.805367","0.107083","1.73516"
"-40","280","406.677144","0.789394","0.099201","1.747723"
"-30","280","389.951783","0.775928","0.092079","1.758838"
"-20","280","374.547802","0.764811","0.085586","1.768619"
"-10","280","360.314559","0.755925","0.079623","1.77715"
"0","280","347.123471","0.749184","0.074118","1.78446"
"10","280","334.864122","0.74453","0.069021","1.790503"
"20","280","323.44116","0.741923","0.064295","1.79514"
"30","280","312.771816","0.741333","0.059914","1.798125"
"40","280","302.783893","0.742734","0.055862","1.799106"
"50","280","293.41413","0.746092","0.052131","1.797633"
"60","280","284.606862","0.751352","0.048713","1.793177"
"70","280","276.312913","0.758429","0.045607","1.785169"
"80","280","268.488677","0.76719","0.042807","1.773097"
"90","280","261.095349","0.777455","0.040309","1.756677"
"100","280","254.098288","0.788996","0.038103","1.736006"
"110","280","247.466465","0.801553","0.036175","1.711566"
"120","280","241.172011","0.81485","0.034506","1.684105"
"130","280","235.18982","0.828612","0.033076","1.654483"
"140","280","229.497219","0.842584","0.03186","1.623589"
"150","280","224.073676","0.856538","0.030834","1.592264"
"160","280","218.900557","0.870282","0.029974","1.561255"
"170","280","213.960907","0.883666","0.02926","1.53116"
"-100","290","567.085646","0.964349","0.167268","1.643407"
"-90","290","536.122738","0.930083","0.151113","1.664173"
"-80","290","508.365931","0.900231","0.137647","1.683101"
"-70","290","483.341765","0.874231","0.126182","1.700166"
"-60","290","460.665632","0.851642","0.11624","1.7154"
"-50","290","440.021867","0.832109","0.10748","1.728883"
"-40","290","421.148958","0.815354","0.099658","1.74072"
"-30","290","403.828417","0.801158","0.092594","1.751031"
"-20","290","387.876277","0.78935","0.086156","1.759925"
"-10","290","373.136536","0.779799","0.080246","1.767484"
"0","290","359.476037","0.772407","0.074794","1.773741"
"10","290","346.780433","0.767101","0.069747","1.778664"
"20","290","334.950979","0.763826","0.065068","1.78214"
"30","290","323.901961","0.762542","0.060732","1.783968"
"40","290","313.558613","0.763206","0.056721","1.783856"
"50","290","303.855422","0.765773","0.053025","1.781441"
"60","290","294.734743","0.770182","0.049636","1.7763"
"70","290","286.145649","0.776342","0.04655","1.767985"
"80","290","278.042983","0.784128","0.043761","1.756088"
"90","290","270.386561","0.793373","0.041263","1.740368"
"100","290","263.140505","0.803869","0.039048","1.720877"
"110","290","256.272686","0.81538","0.037101","1.697998"
"120","290","249.75424","0.827653","0.035406","1.672352"
"130","290","243.55917","0.840438","0.033944","1.644679"
"140","290","237.663995","0.853496","0.032692","1.615743"
"150","290","232.047452","0.866614","0.031628","1.586278"
"160","290","226.690245","0.879607","0.030729","1.556945"
"170","290","221.574816","0.892326","0.029976","1.528297"
"-100","300","586.572237","0.996227","0.167259","1.639885"
"-90","300","554.545361","0.960685","0.151208","1.660229"
"-80","300","525.834755","0.929692","0.13783","1.678694"
"-70","300","499.950691","0.902666","0.126441","1.695251"
"-60","300","476.495346","0.879145","0.116568","1.709927"
"-50","300","455.142204","0.858761","0.107872","1.722794"
"-40","300","435.620772","0.84122","0.100108","1.733952"
"-30","300","417.70505","0.82629","0.0931","1.743516"
"-20","300","401.204752","0.813787","0.086715","1.751592"
"-10","300","385.958514","0.803569","0.080858","1.758263"
"0","300","371.828603","0.795525","0.075455","1.763566"
"10","300","358.696743","0.78957","0.070456","1.767484"
"20","300","346.460798","0.785636","0.065823","1.769928"
"30","300","335.032106","0.783669","0.061529","1.770735"
"40","300","324.333332","0.783616","0.057557","1.769668"
"50","300","314.296713","0.785422","0.053894","1.766433"
"60","300","304.862623","0.789016","0.050533","1.760692"
"70","300","295.978385","0.794306","0.047466","1.752093"
"80","300","287.59729","0.801172","0.044688","1.740316"
"90","300","279.677772","0.809457","0.042192","1.725162"
"100","300","272.182723","0.81897","0.039969","1.706658"
"110","300","265.078906","0.829493","0.038007","1.685104"
"120","300","258.336469","0.840796","0.036289","1.661022"
"130","300","251.92852","0.852648","0.034798","1.635047"
"140","300","245.830771","0.864827","0.033513","1.607844"
"150","300","240.021229","0.877132","0.032414","1.580056"
"160","300","234.479933","0.889385","0.03148","1.552269"
"170","300","229.188724","0.901441","0.030691","1.524986"
"-100","310","606.058829","1.028038","0.167249","1.636421"
"-90","310","572.967984","0.991216","0.151302","1.656357"
"-80","310","543.303579","0.959078","0.13801","1.67438"
"-70","310","516.559618","0.931022","0.126697","1.690452"
"-60","310","492.325059","0.906566","0.116891","1.704598"
"-50","310","470.262542","0.885326","0.108257","1.716883"
"-40","310","450.092586","0.866994","0.100551","1.727405"
"-30","310","431.581683","0.851327","0.093598","1.736274"
"-20","310","414.533227","0.838127","0.087265","1.743595"
"-10","310","398.780491","0.82724","0.081457","1.749451"
"0","310","384.181169","0.818544","0.076103","1.753888"
"10","310","370.613054","0.811942","0.07115","1.756901"
"20","310","357.970617","0.807355","0.066561","1.758423"
"30","310","346.162251","0.804716","0.062307","1.758327"
"40","310","335.108051","0.803963","0.058372","1.75642"
"50","310","324.738005","0.805031","0.054741","1.752467"
"60","310","314.990504","0.807843","0.051405","1.7462"
"70","310","305.811121","0.812306","0.048357","1.737344"
"80","310","297.151597","0.818299","0.04559","1.725649"
"90","310","288.968983","0.825676","0.043097","1.710956"
"100","310","281.22494","0.834258","0.040868","1.693282"
"110","310","273.885127","0.843848","0.038893","1.672863"
"120","310","266.918699","0.85423","0.037155","1.650135"
"130","310","260.29787","0.86519","0.035638","1.625645"
"140","310","253.997546","0.876522","0.034324","1.599979"
"150","310","247.995005","0.888037","0.033193","1.5737"
"160","310","242.269621","0.899565","0.032225","1.547331"
"170","310","236.802632","0.910964","0.031403","1.521326"
"-100","320","625.545421","1.059782","0.167238","1.633012"
"-90","320","591.390607","1.021676","0.151393","1.652556"
"-80","320","560.772403","0.988391","0.138188","1.670153"
"-70","320","533.168544","0.959301","0.126949","1.685764"
"-60","320","508.154772","0.933905","0.11721","1.699405"
"-50","320","485.38288","0.911806","0.108637","1.711141"
"-40","320","464.564399","0.89268","0.100988","1.721066"
"-30","320","445.458317","0.876271","0.094087","1.729287"
"-20","320","427.861701","0.862371","0.087805","1.735909"
"-10","320","411.602469","0.850814","0.082046","1.741017"
"0","320","396.533735","0.841466","0.076738","1.744665"
"10","320","382.529365","0.834219","0.07183","1.74686"
"20","320","369.480436","0.828984","0.067282","1.747558"
"30","320","357.292396","0.825684","0.063067","1.746658"
"40","320","345.882771","0.824247","0.059167","1.744011"
"50","320","335.179297","0.824598","0.055566","1.739428"
"60","320","325.118384","0.826657","0.052254","1.732698"
"70","320","315.643858","0.830325","0.049225","1.72361"
"80","320","306.705903","0.835487","0.046469","1.711971"
"90","320","298.260195","0.842002","0.04398","1.697659"
"100","320","290.267157","0.849703","0.041747","1.680687"
"110","320","282.691347","0.858404","0.03976","1.661245"
"120","320","275.500928","0.867909","0.038005","1.639695"
"130","320","268.66722","0.878017","0.036466","1.616513"
"140","320","262.164322","0.888535","0.035125","1.59221"
"150","320","255.968781","0.899283","0.033964","1.56729"
"160","320","250.059309","0.910102","0.032965","1.542216"
"170","320","244.41654","0.920852","0.032111","1.5174"
"-100","330","645.032013","1.09146","0.167226","1.629657"
"-90","330","609.81323","1.052068","0.151483","1.648824"
"-80","330","578.241228","1.017632","0.138362","1.666012"
"-70","330","549.77747","0.987503","0.127198","1.68118"
"-60","330","523.984486","0.961165","0.117525","1.694343"
"-50","330","500.503218","0.938202","0.109011","1.70556"
"-40","330","479.036213","0.918279","0.101417","1.714924"
"-30","330","459.33495","0.901126","0.094569","1.72254"
"-20","330","441.190176","0.886523","0.088336","1.728514"
"-10","330","424.424447","0.874294","0.082624","1.732934"
"0","330","408.886301","0.864293","0.077362","1.735862"
"10","330","394.445676","0.856404","0.072496","1.737316"
"20","330","380.990255","0.850527","0.067988","1.737272"
"30","330","368.42254","0.846574","0.06381","1.735656"
"40","330","356.65749","0.844465","0.059943","1.732352"
"50","330","345.620588","0.844119","0.056371","1.727214"
"60","330","335.246265","0.845449","0.053083","1.720079"
"70","330","325.476594","0.848355","0.050071","1.710782"
"80","330","316.26021","0.852722","0.047327","1.699182"
"90","330","307.551406","0.858414","0.044842","1.685188"
"100","330","299.309375","0.865275","0.042606","1.668814"
"110","330","291.497568","0.873131","0.04061","1.650216"
"120","330","284.083157","0.881798","0.038839","1.629699"
"130","330","277.03657","0.891089","0.03728","1.607671"
"140","330","270.331098","0.900823","0.035914","1.584584"
"150","330","263.942557","0.910829","0.034727","1.560887"
"160","330","257.848997","0.920956","0.033699","1.536995"
"170","330","252.030448","0.931068","0.032815","1.513281"
"-100","340","664.518605","1.123073","0.167213","1.626355"
"-90","340","628.235853","1.082392","0.15157","1.645157"
"-80","340","595.710052","1.046802","0.138534","1.661953"
"-70","340","566.386397","1.015632","0.127443","1.676699"
"-60","340","539.814199","0.988348","0.117835","1.689405"
"-50","340","515.623556","0.964518","0.10938","1.700132"
"-40","340","493.508027","0.943795","0.101841","1.708967"
"-30","340","473.211583","0.925894","0.095043","1.716018"
"-20","340","454.518651","0.910586","0.088859","1.72139"
"-10","340","437.246424","0.897682","0.083193","1.725177"
"0","340","421.238867","0.88703","0.077974","1.727445"
"10","340","406.361987","0.8785","0.073149","1.728226"
"20","340","392.500073","0.871984","0.06868","1.727513"
"30","340","379.552685","0.867387","0.064538","1.725256"
"40","340","367.43221","0.864618","0.060702","1.72137"
"50","340","356.06188","0.863592","0.057158","1.715742"
"60","340","345.374145","0.864214","0.053893","1.708248"
"70","340","335.30933","0.866385","0.050898","1.698766"
"80","340","325.814517","0.869988","0.048165","1.687194"
"90","340","316.842617","0.874893","0.045684","1.673468"
"100","340","308.351592","0.880952","0.043447","1.657608"
"110","340","300.303788","0.888001","0.041443","1.639744"
"120","340","292.665386","0.895866","0.039659","1.620134"
"130","340","285.40592","0.904374","0.038081","1.599129"
"140","340","278.497874","0.913351","0.036694","1.57713"
"150","340","271.916333","0.922639","0.035481","1.554536"
"160","340","265.638685","0.932091","0.034427","1.531722"
"170","340","259.644356","0.941577","0.033515","1.509026"
"-100","350","684.005197","1.154623","0.1672","1.623104"
"-90","350","646.658476","1.11265","0.151657","1.641554"
"-80","350","613.178876","1.075902","0.138704","1.657973"
"-70","350","582.995323","1.043688","0.127685","1.672314"
"-60","350","555.643912","1.015455","0.11814","1.684587"
"-50","350","530.743894","0.990755","0.109743","1.694849"
"-40","350","507.979841","0.969227","0.102258","1.703187"
"-30","350","487.088217","0.950576","0.095511","1.709709"
"-20","350","467.847126","0.934561","0.089374","1.714521"
"-10","350","450.068402","0.920983","0.083752","1.717722"
"0","350","433.591433","0.909678","0.078575","1.719385"
"10","350","418.278297","0.90051","0.07379","1.719554"
"20","350","404.009892","0.89336","0.069358","1.718236"
"30","350","390.68283","0.888124","0.06525","1.715404"
"40","350","378.206929","0.884707","0.061445","1.710998"
"50","350","366.503172","0.883014","0.057928","1.704936"
"60","350","355.502026","0.882949","0.054685","1.697126"
"70","350","345.142066","0.884408","0.051707","1.687481"
"80","350","335.368823","0.887276","0.048984","1.675929"
"90","350","326.133829","0.891426","0.046509","1.662434"
"100","350","317.393809","0.896715","0.044271","1.647018"
"110","350","309.110009","0.90299","0.04226","1.629795"
"120","350","301.247615","0.910087","0.040464","1.610985"
"130","350","293.77527","0.917841","0.03887","1.590892"
"140","350","286.664649","0.92609","0.037463","1.569868"
"150","350","279.89011","0.934681","0.036227","1.548271"
"160","350","273.428373","0.943475","0.035148","1.526442"
"170","350","267.258264","0.952348","0.03421","1.504684"
"-100","360","703.491789","1.186111","0.167186","1.619903"
"-90","360","665.081099","1.142843","0.151741","1.638013"
"-80","360","630.6477","1.104935","0.138871","1.65407"
"-70","360","599.60425","1.071674","0.127923","1.668024"
"-60","360","571.473626","1.042488","0.118442","1.679883"
"-50","360","545.864232","1.016915","0.110102","1.689704"
"-40","360","522.451655","0.99458","0.102669","1.697574"
"-30","360","500.96485","0.975177","0.095971","1.7036"
"-20","360","481.175601","0.958452","0.08988","1.707891"
"-10","360","462.890379","0.944197","0.084302","1.71055"
"0","360","445.943999","0.932241","0.079166","1.711657"
"10","360","430.194608","0.922435","0.07442","1.711267"
"20","360","415.519711","0.914655","0.070024","1.709402"
"30","360","401.812975","0.908787","0.065949","1.706052"
"40","360","388.981649","0.904731","0.062174","1.701182"
"50","360","376.944463","0.902385","0.058681","1.694734"
"60","360","365.629906","0.901649","0.05546","1.686645"
"70","360","354.974802","0.902418","0.052498","1.676856"
"80","360","344.92313","0.904575","0.049787","1.665322"
"90","360","335.42504","0.907998","0.047317","1.652024"
"100","360","326.436027","0.912548","0.045079","1.636996"
"110","360","317.916229","0.91808","0.043063","1.620337"
"120","360","309.829844","0.924438","0.041256","1.602236"
"130","360","302.144619","0.931466","0.039647","1.582957"
"140","360","294.831425","0.939011","0.038222","1.56281"
"150","360","287.863886","0.946928","0.036965","1.542118"
"160","360","281.218061","0.955082","0.035863","1.521187"
"170","360","274.872173","0.963354","0.034901","1.500295"
"-100","370","722.978381","1.217536","0.167171","1.61675"
"-90","370","683.503722","1.172971","0.151824","1.634532"
"-80","370","648.116524","1.1339","0.139036","1.65024"
"-70","370","616.213176","1.099589","0.128159","1.663824"
"-60","370","587.303339","1.069448","0.11874","1.675289"
"-50","370","560.98457","1.042999","0.110456","1.684692"
"-40","370","536.923469","1.019855","0.103075","1.692119"
"-30","370","514.841483","0.999696","0.096425","1.69768"
"-20","370","494.504075","0.98226","0.090379","1.701486"
"-10","370","475.712357","0.967329","0.084844","1.703642"
"0","370","458.296565","0.95472","0.079748","1.704238"
"10","370","442.110919","0.944278","0.075039","1.703336"
"20","370","427.02953","0.935871","0.070678","1.700974"
"30","370","412.94312","0.929378","0.066635","1.697157"
"40","370","399.756368","0.924691","0.062888","1.69187"
"50","370","387.385755","0.921704","0.05942","1.68508"
"60","370","375.757787","0.920313","0.056219","1.676745"
"70","370","364.807538","0.92041","0.053273","1.666829"
"80","370","354.477436","0.921879","0.050573","1.65531"
"90","370","344.716251","0.924599","0.048109","1.642188"
"100","370","335.478244","0.928437","0.045872","1.627499"
"110","370","326.72245","0.933253","0.043851","1.611338"
"120","370","318.412074","0.938899","0.042035","1.593868"
"130","370","310.513969","0.945227","0.040413","1.575318"
"140","370","302.998201","0.952092","0.038971","1.555964"
"150","370","295.837662","0.959354","0.037695","1.536093"
"160","370","289.00775","0.966885","0.036571","1.515983"
"170","370","282.486081","0.974569","0.035586","1.49589"
"-100","380","742.464973","1.248901","0.167155","1.613644"
"-90","380","701.926345","1.203036","0.151906","1.631109"
"-80","380","665.585349","1.1628","0.139198","1.646482"
"-70","380","632.822102","1.127436","0.128391","1.65971"
"-60","380","603.133052","1.096336","0.119034","1.6708"
"-50","380","576.104907","1.06901","0.110806","1.679805"
"-40","380","551.395282","1.045053","0.103476","1.686816"
"-30","380","528.718117","1.024137","0.096873","1.691939"
"-20","380","507.83255","1.005988","0.090871","1.695291"
"-10","380","488.534334","0.990379","0.085377","1.696982"
"0","380","470.649131","0.977118","0.08032","1.697106"
"10","380","454.02723","0.966042","0.075648","1.695736"
"20","380","438.539349","0.957011","0.07132","1.692921"
"30","380","424.073264","0.949897","0.067308","1.688682"
"40","380","410.531088","0.944587","0.063589","1.683022"
"50","380","397.827047","0.94097","0.060145","1.675925"
"60","380","385.885667","0.938937","0.056964","1.667372"
"70","380","374.640274","0.938379","0.054033","1.657347"
"80","380","364.031743","0.939181","0.051344","1.645843"
"90","380","354.007463","0.941221","0.048886","1.632875"
"100","380","344.520461","0.944371","0.04665","1.618487"
"110","380","335.52867","0.948495","0.044626","1.602768"
"120","380","326.994303","0.953454","0.042802","1.585861"
"130","380","318.883319","0.959106","0.041168","1.567968"
"140","380","311.164977","0.965312","0.03971","1.549331"
"150","380","303.811438","0.971939","0.038416","1.530208"
"160","380","296.797438","0.978863","0.037273","1.510852"
"170","380","290.099989","0.985972","0.036267","1.491495"
"-100","390","761.951565","1.280206","0.167139","1.610584"
"-90","390","720.348968","1.233039","0.151986","1.627743"
"-80","390","683.054173","1.191635","0.139359","1.642793"
"-70","390","649.431029","1.155215","0.12862","1.65568"
"-60","390","618.962766","1.123156","0.119324","1.666411"
"-50","390","591.225245","1.094948","0.111151","1.67504"
"-40","390","565.867096","1.070177","0.103871","1.681655"
"-30","390","542.59475","1.048502","0.097314","1.686368"
"-20","390","521.161025","1.029638","0.091356","1.689296"
"-10","390","501.356312","1.01335","0.085903","1.690553"
"0","390","483.001697","0.999437","0.080884","1.690242"
"10","390","465.94354","0.987728","0.076247","1.688442"
"20","390","450.049168","0.978075","0.071952","1.685214"
"30","390","435.203409","0.970347","0.06797","1.680594"
"40","390","421.305807","0.964421","0.064277","1.674597"
"50","390","408.268338","0.960183","0.060857","1.667228"
"60","390","396.013548","0.957521","0.057695","1.658482"
"70","390","384.47301","0.956324","0.054779","1.648361"
"80","390","373.58605","0.956475","0.052101","1.636873"
"90","390","363.298674","0.957855","0.049649","1.624044"
"100","390","353.562679","0.960338","0.047414","1.609925"
"110","390","344.334891","0.963795","0.045387","1.5946"
"120","390","335.576532","0.968089","0.043557","1.578199"
"130","390","327.252669","0.973087","0.041912","1.560897"
"140","390","319.331752","0.978654","0.040441","1.542911"
"150","390","311.785214","0.984663","0.03913","1.52447"
"160","390","304.587126","0.990996","0.037968","1.505806"
"170","390","297.713897","0.997544","0.036942","1.48713"
"-100","400","781.438157","1.311452","0.167123","1.607568"
"-90","400","738.771591","1.262981","0.152064","1.624432"
"-80","400","700.522997","1.220406","0.139517","1.639171"
"-70","400","666.039955","1.182929","0.128847","1.651731"
"-60","400","634.792479","1.149906","0.11961","1.662119"
"-50","400","606.345583","1.120815","0.111492","1.67039"
"-40","400","580.33891","1.095228","0.104261","1.676632"
"-30","400","556.471383","1.072792","0.09775","1.680958"
"-20","400","534.4895","1.053212","0.091835","1.683489"
"-10","400","514.17829","1.036244","0.086421","1.684343"
"0","400","495.354263","1.021679","0.081439","1.683629"
"10","400","477.859851","1.009338","0.076837","1.681434"
"20","400","461.558986","0.999067","0.072574","1.67783"
"30","400","446.333554","0.990727","0.068621","1.672862"
"40","400","432.080527","0.984192","0.064954","1.666563"
"50","400","418.70963","0.979342","0.061556","1.658949"
"60","400","406.141428","0.976063","0.058413","1.650033"
"70","400","394.305746","0.97424","0.055512","1.639829"
"80","400","383.140356","0.973757","0.052844","1.628358"
"90","400","372.589885","0.974495","0.050399","1.615657"
"100","400","362.604896","0.976332","0.048166","1.60178"
"110","400","353.141112","0.979141","0.046137","1.586808"
"120","400","344.158761","0.982791","0.044301","1.570861"
"130","400","335.622019","0.987154","0.042646","1.554095"
"140","400","327.498528","0.992101","0.041162","1.5367"
"150","400","319.758991","0.99751","0.039836","1.518885"
"160","400","312.376814","1.003266","0.038657","1.500856"
"170","400","305.327805","1.009265","0.037612","1.48281"
"-100","410","800.924749","1.34264","0.167105","1.604596"
"-90","410","757.194214","1.292863","0.152141","1.621174"
"-80","410","717.991821","1.249115","0.139672","1.635613"
"-70","410","682.648882","1.210578","0.12907","1.64786"
"-60","410","650.622192","1.17659","0.119893","1.657921"
"-50","410","621.465921","1.146614","0.111828","1.66585"
"-40","410","594.810724","1.120208","0.104646","1.671738"
"-30","410","570.348017","1.097008","0.098181","1.6757"
"-20","410","547.817975","1.076711","0.092307","1.67786"
"-10","410","527.000267","1.059063","0.086932","1.678339"
"0","410","507.706829","1.043846","0.081986","1.677251"
"10","410","489.776162","1.030875","0.077418","1.674693"
"20","410","473.068805","1.019988","0.073186","1.670744"
"30","410","457.463699","1.011041","0.069261","1.665461"
"40","410","442.855246","1.003902","0.065619","1.658889"
"50","410","429.150922","0.998448","0.062243","1.651057"
"60","410","416.269309","0.994562","0.059118","1.64199"
"70","410","404.138483","0.992125","0.056232","1.631715"
"80","410","392.694663","0.991023","0.053575","1.620263"
"90","410","381.881097","0.991136","0.051136","1.607678"
"100","410","371.647113","0.992344","0.048906","1.59402"
"110","410","361.947332","0.994524","0.046875","1.579368"
"120","410","352.74099","0.99755","0.045033","1.563831"
"130","410","343.991369","1.001296","0.04337","1.547551"
"140","410","335.665304","1.005641","0.041874","1.530696"
"150","410","327.732767","1.010465","0.040535","1.513453"
"160","410","320.166502","1.015659","0.039339","1.49601"
"170","410","312.941713","1.021121","0.038277","1.478548"
"-100","420","820.411341","1.373771","0.167087","1.601667"
"-90","420","775.616837","1.322685","0.152217","1.617968"
"-80","420","735.460646","1.277763","0.139826","1.632118"
"-70","420","699.257808","1.238164","0.129291","1.644064"
"-60","420","666.451906","1.203208","0.120173","1.653812"
"-50","420","636.586259","1.172344","0.112161","1.661416"
"-40","420","609.282538","1.145118","0.105027","1.66697"
"-30","420","584.22465","1.121154","0.098605","1.670589"
"-20","420","561.146449","1.100138","0.092773","1.672399"
"-10","420","539.822245","1.081808","0.087436","1.672529"
"0","420","520.059395","1.06594","0.082526","1.671095"
"10","420","501.692473","1.052339","0.07799","1.668202"
"20","420","484.578624","1.040839","0.073789","1.663936"
"30","420","468.593844","1.031289","0.069891","1.658367"
"40","420","453.629965","1.023552","0.066274","1.651548"
"50","420","439.592213","1.017502","0.062919","1.643521"
"60","420","426.397189","1.013016","0.059812","1.634321"
"70","420","413.971219","1.009978","0.056941","1.623984"
"80","420","402.24897","1.00827","0.054293","1.612553"
"90","420","391.172308","1.007773","0.051861","1.600077"
"100","420","380.689331","1.008369","0.049634","1.586618"
"110","420","370.753553","1.009937","0.047602","1.572256"
"120","420","361.323219","1.012355","0.045756","1.557092"
"130","420","352.360719","1.015503","0.044085","1.541254"
"140","420","343.83208","1.019261","0.042579","1.524892"
"150","420","335.706543","1.023516","0.041226","1.508175"
"160","420","327.95619","1.028161","0.040015","1.491274"
"170","420","320.555622","1.033096","0.038936","1.474352"
"-100","430","839.897933","1.404845","0.167069","1.598778"
"-90","430","794.03946","1.352448","0.152291","1.614812"
"-80","430","752.92947","1.30635","0.139978","1.628684"
"-70","430","715.866734","1.265686","0.129509","1.640341"
"-60","430","682.281619","1.229762","0.12045","1.649789"
"-50","430","651.706597","1.198008","0.112489","1.657084"
"-40","430","623.754352","1.16996","0.105403","1.66232"
"-30","430","598.101283","1.145229","0.099025","1.665615"
"-20","430","574.474924","1.123494","0.093233","1.667099"
"-10","430","552.644222","1.104483","0.087933","1.666901"
"0","430","532.411961","1.087962","0.083058","1.665146"
"10","430","513.608784","1.073734","0.078555","1.661944"
"20","430","496.088443","1.061622","0.074383","1.657389"
"30","430","479.723988","1.051472","0.070512","1.651559"
"40","430","464.404685","1.043142","0.066919","1.644516"
"50","430","450.033505","1.036502","0.063585","1.636314"
"60","430","436.52507","1.031427","0.060495","1.626996"
"70","430","423.803955","1.027798","0.057638","1.616609"
"80","430","411.803276","1.025495","0.055001","1.6052"
"90","430","400.463519","1.024402","0.052575","1.592825"
"100","430","389.731548","1.0244","0.050351","1.57955"
"110","430","379.559773","1.025372","0.048319","1.565452"
"120","430","369.905448","1.027199","0.046469","1.550628"
"130","430","360.730068","1.029763","0.044791","1.535193"
"140","430","351.998855","1.032951","0.043275","1.519283"
"150","430","343.680319","1.03665","0.04191","1.50305"
"160","430","335.745878","1.040759","0.040685","1.486649"
"170","430","328.16953","1.04518","0.039591","1.47023"
"-100","440","859.384525","1.435863","0.167049","1.59593"
"-90","440","812.462083","1.382155","0.152364","1.611705"
"-80","440","770.398294","1.334878","0.140128","1.625309"
"-70","440","732.475661","1.293148","0.129724","1.636688"
"-60","440","698.111332","1.256252","0.120723","1.645849"
"-50","440","666.826935","1.223607","0.112814","1.652849"
"-40","440","638.226165","1.194735","0.105775","1.657784"
"-30","440","611.977917","1.169237","0.09944","1.660774"
"-20","440","587.803399","1.146781","0.093687","1.66195"
"-10","440","565.4662","1.127087","0.088424","1.661447"
"0","440","544.764527","1.109915","0.083583","1.659394"
"10","440","525.525094","1.095059","0.079111","1.655906"
"20","440","507.598262","1.082338","0.074968","1.651085"
"30","440","490.854133","1.071592","0.071124","1.645017"
"40","440","475.179404","1.062674","0.067554","1.637772"
"50","440","460.474796","1.05545","0.06424","1.629412"
"60","440","446.652951","1.049793","0.061168","1.619991"
"70","440","433.636691","1.045582","0.058324","1.609561"
"80","440","421.357583","1.042696","0.055697","1.598176"
"90","440","409.754731","1.041019","0.053279","1.585898"
"100","440","398.773765","1.040434","0.051058","1.572792"
"110","440","388.365994","1.040824","0.049026","1.558937"
"120","440","378.487678","1.042075","0.047172","1.544423"
"130","440","369.099418","1.04407","0.045488","1.529357"
"140","440","360.165631","1.0467","0.043963","1.513863"
"150","440","351.654095","1.049858","0.042587","1.498076"
"160","440","343.535566","1.053442","0.041349","1.482138"
"170","440","335.783438","1.057359","0.04024","1.466186"
"-100","450","878.871117","1.466826","0.16703","1.593122"
"-90","450","830.884706","1.411804","0.152435","1.608646"
"-80","450","787.867118","1.363347","0.140275","1.62199"
"-70","450","749.084587","1.320549","0.129937","1.633102"
"-60","450","713.941046","1.28268","0.120993","1.641989"
"-50","450","681.947273","1.249142","0.113135","1.648708"
"-40","450","652.697979","1.219444","0.106142","1.653357"
"-30","450","625.85455","1.193177","0.099849","1.656058"
"-20","450","601.131874","1.17","0.094136","1.656945"
"-10","450","578.288177","1.149623","0.088909","1.656157"
"0","450","557.117093","1.1318","0.084102","1.653826"
"10","450","537.441405","1.116318","0.079661","1.650074"
"20","450","519.108081","1.102989","0.075546","1.645009"
"30","450","501.984278","1.091649","0.071727","1.638723"
"40","450","485.954124","1.082148","0.06818","1.631295"
"50","450","470.916088","1.074346","0.064886","1.622795"
"60","450","456.780831","1.068115","0.06183","1.613282"
"70","450","443.469427","1.06333","0.059","1.602817"
"80","450","430.91189","1.059872","0.056384","1.591459"
"90","450","419.045942","1.057622","0.053972","1.579271"
"100","450","407.815982","1.056466","0.051755","1.566323"
"110","450","397.172214","1.056288","0.049723","1.552691"
"120","450","387.069907","1.056975","0.047866","1.538462"
"130","450","377.468768","1.058416","0.046177","1.523736"
"140","450","368.332407","1.060502","0.044644","1.508624"
"150","450","359.627872","1.06313","0.043257","1.49325"
"160","450","351.325254","1.066201","0.042007","1.477741"
"170","450","343.397346","1.069624","0.040884","1.462224"
"-100","460","898.357709","1.497735","0.167009","1.590352"
"-90","460","849.307329","1.441397","0.152506","1.605633"
"-80","460","805.335942","1.391758","0.140421","1.618728"
"-70","460","765.693513","1.347891","0.130148","1.629583"
"-60","460","729.770759","1.309047","0.12126","1.638206"
"-50","460","697.06761","1.274614","0.113453","1.644658"
"-40","460","667.169793","1.244089","0.106505","1.649035"
"-30","460","639.731183","1.217053","0.100254","1.651463"
"-20","460","614.460349","1.193153","0.094579","1.652078"
"-10","460","591.110155","1.172093","0.089388","1.651022"
"0","460","569.469659","1.153619","0.084614","1.648433"
"10","460","549.357716","1.137511","0.080203","1.644437"
"20","460","530.6179","1.123577","0.076116","1.639147"
"30","460","513.114423","1.111646","0.072322","1.632662"
"40","460","496.728843","1.101565","0.068797","1.625068"
"50","460","481.35738","1.093191","0.065523","1.616442"
"60","460","466.908712","1.086391","0.062484","1.60685"
"70","460","453.302163","1.081042","0.059666","1.596356"
"80","460","440.466196","1.07702","0.05706","1.585026"
"90","460","428.337153","1.074209","0.054655","1.572925"
"100","460","416.8582","1.072493","0.052442","1.560124"
"110","460","405.978435","1.071759","0.050411","1.546699"
"120","460","395.652136","1.071895","0.048552","1.532733"
"130","460","385.838118","1.072794","0.046857","1.518319"
"140","460","376.499183","1.074348","0.045317","1.50356"
"150","460","367.601648","1.076458","0.043921","1.488567"
"160","460","359.114942","1.079026","0.04266","1.473458"
"170","460","351.011254","1.081966","0.041524","1.458347"
"-100","470","917.844301","1.528591","0.166988","1.587619"
"-90","470","867.729952","1.470936","0.152575","1.602665"
"-80","470","822.804767","1.420113","0.140565","1.615518"
"-70","470","782.30244","1.375174","0.130356","1.626126"
"-60","470","745.600472","1.335354","0.121524","1.634498"
"-50","470","712.187948","1.300025","0.113767","1.640693"
"-40","470","681.641607","1.268672","0.106864","1.644813"
"-30","470","653.607817","1.240864","0.100655","1.646982"
"-20","470","627.788823","1.216241","0.095017","1.647341"
"-10","470","603.932132","1.194497","0.089862","1.646036"
"0","470","581.822225","1.175372","0.08512","1.643206"
"10","470","561.274027","1.15864","0.080738","1.638983"
"20","470","542.127718","1.144102","0.076679","1.633485"
"30","470","524.244568","1.131584","0.072909","1.626819"
"40","470","507.503563","1.120926","0.069406","1.619076"
"50","470","491.798671","1.111984","0.066151","1.610336"
"60","470","477.036592","1.104623","0.063128","1.600674"
"70","470","463.134899","1.098716","0.060324","1.590158"
"80","470","450.020503","1.094139","0.057728","1.578857"
"90","470","437.628365","1.090776","0.05533","1.56684"
"100","470","425.900417","1.088511","0.05312","1.554177"
"110","470","414.784655","1.087232","0.05109","1.540944"
"120","470","404.234365","1.08683","0.04923","1.527222"
"130","470","394.207468","1.087198","0.04753","1.513096"
"140","470","384.665958","1.088232","0.045983","1.498664"
"150","470","375.575424","1.089834","0.044578","1.484025"
"160","470","366.90463","1.091911","0.043306","1.469287"
"170","470","358.625162","1.094376","0.042158","1.454555"
"-100","480","937.330893","1.559393","0.166967","1.584923"
"-90","480","886.152575","1.500419","0.152643","1.599741"
"-80","480","840.273591","1.448411","0.140707","1.612361"
"-70","480","798.911366","1.4024","0.130562","1.622732"
"-60","480","761.430186","1.361602","0.121785","1.630862"
"-50","480","727.308286","1.325376","0.114077","1.636813"
"-40","480","696.113421","1.293192","0.10722","1.640687"
"-30","480","667.48445","1.264612","0.101051","1.642611"
"-20","480","641.117298","1.239265","0.095451","1.64273"
"-10","480","616.75411","1.216838","0.09033","1.641189"
"0","480","594.174791","1.197062","0.085619","1.638135"
"10","480","573.190337","1.179706","0.081267","1.633702"
"20","480","553.637537","1.164566","0.077234","1.628014"
"30","480","535.374712","1.151462","0.073489","1.621181"
"40","480","518.278282","1.140232","0.070007","1.613302"
"50","480","502.239963","1.130727","0.066771","1.604461"
"60","480","487.164473","1.122811","0.063763","1.594738"
"70","480","472.967635","1.116352","0.060972","1.584206"
"80","480","459.57481","1.111229","0.058386","1.572936"
"90","480","446.919576","1.107323","0.055995","1.560999"
"100","480","434.942634","1.104519","0.05379","1.548466"
"110","480","423.590876","1.102706","0.051761","1.535413"
"120","480","412.816594","1.101775","0.049899","1.521916"
"130","480","402.576818","1.101623","0.048196","1.508059"
"140","480","392.832734","1.102148","0.046642","1.493929"
"150","480","383.5492","1.103254","0.045229","1.479619"
"160","480","374.694319","1.104848","0.043947","1.465228"
"170","480","366.23907","1.106847","0.042788","1.45085"
"-100","490","956.817485","1.590144","0.166945","1.582262"
"-90","490","904.575198","1.52985","0.15271","1.59686"
"-80","490","857.742415","1.476655","0.140848","1.609255"
"-70","490","815.520293","1.42957","0.130765","1.619397"
"-60","490","777.259899","1.387792","0.122044","1.627295"
"-50","490","742.428624","1.350667","0.114385","1.633013"
"-40","490","710.585235","1.317653","0.107571","1.636653"
"-30","490","681.361084","1.288299","0.101442","1.638346"
"-20","490","654.445773","1.262227","0.095879","1.638237"
"-10","490","629.576088","1.239116","0.090792","1.636477"
"0","490","606.527357","1.21869","0.086113","1.633213"
"10","490","585.106648","1.200711","0.08179","1.628585"
"20","490","565.147356","1.18497","0.077783","1.622721"
"30","490","546.504857","1.171284","0.074061","1.615737"
"40","490","529.053002","1.159484","0.070601","1.607733"
"50","490","512.681255","1.149421","0.067382","1.598803"
"60","490","497.292353","1.140953","0.064391","1.589027"
"70","490","482.800371","1.133951","0.061612","1.578484"
"80","490","469.129116","1.128288","0.059036","1.567246"
"90","490","456.210787","1.123847","0.056652","1.555386"
"100","490","443.984852","1.120513","0.054451","1.542977"
"110","490","432.397096","1.118175","0.052424","1.530092"
"120","490","421.398823","1.116727","0.050561","1.516806"
"130","490","410.946168","1.116066","0.048854","1.503197"
"140","490","400.99951","1.116091","0.047295","1.489348"
"150","490","391.522976","1.116709","0.045874","1.475345"
"160","490","382.484007","1.11783","0.044583","1.461277"
"170","490","373.852979","1.119371","0.043413","1.44723"
"-100","500","976.304077","1.620842","0.166923","1.579637"
"-90","500","922.997821","1.559227","0.152775","1.59402"
"-80","500","875.211239","1.504844","0.140987","1.606199"
"-70","500","832.129219","1.456683","0.130966","1.616119"
"-60","500","793.089612","1.413925","0.122299","1.623795"
"-50","500","757.548962","1.375899","0.114689","1.62929"
"-40","500","725.057048","1.342053","0.107919","1.632708"
"-30","500","695.237717","1.311926","0.10183","1.634182"
"-20","500","667.774248","1.285129","0.096303","1.633858"
"-10","500","642.398065","1.261333","0.09125","1.631891"
"0","500","618.879923","1.240257","0.086601","1.628432"
"10","500","597.022959","1.221656","0.082306","1.623623"
"20","500","576.657175","1.205316","0.078325","1.617597"
"30","500","557.635002","1.191049","0.074627","1.610474"
"40","500","539.827721","1.178683","0.071187","1.602359"
"50","500","523.122546","1.168065","0.067987","1.593347"
"60","500","507.420234","1.159052","0.06501","1.583527"
"70","500","492.633108","1.151511","0.062244","1.572976"
"80","500","478.683423","1.145316","0.059678","1.561772"
"90","500","465.501999","1.140348","0.057301","1.549988"
"100","500","453.027069","1.136492","0.055105","1.537696"
"110","500","441.203317","1.133639","0.053079","1.524968"
"120","500","429.981053","1.131682","0.051216","1.511879"
"130","500","419.315517","1.130521","0.049506","1.498503"
"140","500","409.166285","1.130056","0.047941","1.484916"
"150","500","399.496753","1.130196","0.046513","1.471199"
"160","500","390.273695","1.130853","0.045213","1.457432"
"170","500","381.466887","1.131944","0.044033","1.443696"
"-100","0","1.974479","0.96911","0.006158","1.355369"
"-90","0","1.866672","0.97422","0.00648","1.344618"
"-80","0","1.770029","0.978208","0.0068","1.334755"
"-70","0","1.682899","0.981381","0.007122","1.325378"
"-60","0","1.603946","0.983947","0.007447","1.316274"
"-50","0","1.532068","0.98605","0.007777","1.307343"
"-40","0","1.466357","0.987797","0.008111","1.298551"
"-30","0","1.40605","0.989262","0.008448","1.289904"
"-20","0","1.350508","0.990502","0.008788","1.281424"
"-10","0","1.299187","0.991561","0.009129","1.273142"
"0","0","1.251624","0.992473","0.00947","1.265089"
"10","0","1.20742","0.993261","0.00981","1.257293"
"20","0","1.166232","0.993949","0.010149","1.249776"
"30","0","1.127762","0.994551","0.010487","1.242555"
"40","0","1.091748","0.995081","0.010822","1.235639"
"50","0","1.057964","0.995549","0.011154","1.229034"
"60","0","1.026207","0.995965","0.011484","1.222739"
"70","0","0.996302","0.996336","0.01181","1.216752"
"80","0","0.96809","0.996667","0.012133","1.211064"
"90","0","0.941432","0.996965","0.012453","1.205667"
"100","0","0.916203","0.997233","0.012769","1.20055"
"110","0","0.89229","0.997474","0.013082","1.195702"
"120","0","0.869594","0.997693","0.013392","1.191108"
"130","0","0.848024","0.997891","0.013698","1.186757"
"140","0","0.827499","0.998072","0.014001","1.182635"
"150","0","0.807943","0.998236","0.014301","1.178728"
"160","0","0.78929","0.998386","0.014598","1.175026"
"170","0","0.771479","0.998523","0.014892","1.171514"
"-100","1","3.923138","0.006977","0.166989","1.781679"
"-90","1","3.708935","0.94717","0.006507","1.378401"
"-80","1","3.516911","0.955627","0.006824","1.361763"
"-70","1","3.343792","0.962268","0.007144","1.347446"
"-60","1","3.186917","0.967586","0.007468","1.334613"
"-50","1","3.044102","0.971913","0.007797","1.322787"
"-40","1","2.913538","0.975484","0.008131","1.3117"
"-30","1","2.793713","0.978465","0.008468","1.3012"
"-20","1","2.683355","0.98098","0.008807","1.291202"
"-10","1","2.581385","0.983121","0.009147","1.281662"
"0","1","2.48688","0.984958","0.009488","1.272557"
"10","1","2.399051","0.986545","0.009829","1.263873"
"20","1","2.317214","0.987925","0.010168","1.255602"
"30","1","2.240776","0.989133","0.010506","1.247735"
"40","1","2.16922","0.990194","0.010841","1.240265"
"50","1","2.102093","0.991132","0.011173","1.23318"
"60","1","2.038996","0.991963","0.011503","1.226469"
"70","1","1.979576","0.992704","0.01183","1.220118"
"80","1","1.923521","0.993366","0.012153","1.214112"
"90","1","1.870553","0.993959","0.012473","1.208436"
"100","1","1.820424","0.994493","0.01279","1.203073"
"110","1","1.772912","0.994975","0.013103","1.198006"
"120","1","1.727817","0.995411","0.013413","1.193218"
"130","1","1.684959","0.995806","0.013719","1.188694"
"140","1","1.644176","0.996165","0.014023","1.184417"
"150","1","1.60532","0.996492","0.014323","1.180373"
"160","1","1.568259","0.99679","0.014621","1.176546"
"170","1","1.53287","0.997063","0.014915","1.172922"
"-100","2","5.871797","0.01044","0.166993","1.781019"
"-90","2","5.551197","0.010137","0.147189","1.827049"
"-80","2","5.263793","0.931819","0.006857","1.393704"
"-70","2","5.004685","0.942337","0.007173","1.372715"
"-60","2","4.769888","0.950663","0.007495","1.355113"
"-50","2","4.556136","0.957381","0.007822","1.339738"
"-40","2","4.360719","0.962888","0.008154","1.325924"
"-30","2","4.181377","0.967463","0.00849","1.313279"
"-20","2","4.016203","0.971306","0.008828","1.301562"
"-10","2","3.863582","0.974568","0.009168","1.290621"
"0","2","3.722137","0.977359","0.009509","1.28036"
"10","2","3.590682","0.979765","0.009849","1.270712"
"20","2","3.468196","0.981854","0.010188","1.26163"
"30","2","3.353791","0.983678","0.010525","1.253075"
"40","2","3.246692","0.98528","0.010861","1.245017"
"50","2","3.146222","0.986693","0.011193","1.237428"
"60","2","3.051784","0.987946","0.011523","1.23028"
"70","2","2.962849","0.98906","0.01185","1.223551"
"80","2","2.878951","0.990056","0.012173","1.217215"
"90","2","2.799674","0.990948","0.012493","1.211249"
"100","2","2.724646","0.99175","0.01281","1.205632"
"110","2","2.653534","0.992473","0.013123","1.20034"
"120","2","2.58604","0.993127","0.013433","1.195353"
"130","2","2.521894","0.99372","0.01374","1.190652"
"140","2","2.460854","0.994258","0.014044","1.186218"
"150","2","2.402698","0.994749","0.014344","1.182032"
"160","2","2.347228","0.995196","0.014642","1.178078"
"170","2","2.294261","0.995605","0.014936","1.17434"
"-100","3","7.820457","0.013902","0.166996","1.78036"
"-90","3","7.393459","0.013498","0.147208","1.826218"
"-80","3","7.010676","0.013172","0.130558","1.876293"
"-70","3","6.665577","0.921472","0.007208","1.401993"
"-60","3","6.35286","0.933115","0.007526","1.378203"
"-50","3","6.06817","0.942418","0.00785","1.358435"
"-40","3","5.807901","0.949989","0.00818","1.341367"
"-30","3","5.56904","0.956243","0.008515","1.32623"
"-20","3","5.34905","0.961474","0.008852","1.312558"
"-10","3","5.14578","0.965897","0.009191","1.300054"
"0","3","4.957394","0.969672","0.009531","1.288521"
"10","3","4.782313","0.97292","0.009871","1.277825"
"20","3","4.619178","0.975734","0.010209","1.26787"
"30","3","4.466805","0.978187","0.010546","1.258581"
"40","3","4.324164","0.980339","0.010881","1.249901"
"50","3","4.190351","0.982235","0.011214","1.24178"
"60","3","4.064572","0.983913","0.011543","1.234176"
"70","3","3.946123","0.985406","0.01187","1.227052"
"80","3","3.834382","0.986738","0.012193","1.220373"
"90","3","3.728795","0.987931","0.012513","1.214108"
"100","3","3.628868","0.989003","0.01283","1.208228"
"110","3","3.534156","0.989969","0.013144","1.202705"
"120","3","3.444263","0.990843","0.013454","1.197514"
"130","3","3.358829","0.991634","0.013761","1.192632"
"140","3","3.277531","0.992353","0.014065","1.188036"
"150","3","3.200076","0.993007","0.014365","1.183706"
"160","3","3.126197","0.993604","0.014663","1.179623"
"170","3","3.055652","0.994149","0.014958","1.175769"
"-100","4","9.769116","0.017363","0.167","1.779704"
"-90","4","9.235721","0.016858","0.147228","1.82539"
"-80","4","8.757558","0.016449","0.130592","1.875226"
"-70","4","8.32647","0.899524","0.007251","1.436472"
"-60","4","7.935831","0.914867","0.007563","1.404446"
"-50","4","7.580203","0.926983","0.007883","1.37918"
"-40","4","7.255082","0.936761","0.00821","1.358197"
"-30","4","6.956703","0.94479","0.008542","1.340154"
"-20","4","6.681898","0.951474","0.008878","1.324254"
"-10","4","6.427978","0.957105","0.009216","1.31"
"0","4","6.19265","0.961896","0.009555","1.297066"
"10","4","5.973945","0.966007","0.009894","1.28523"
"20","4","5.77016","0.969563","0.010232","1.274334"
"30","4","5.57982","0.972658","0.010568","1.264262"
"40","4","5.401636","0.975368","0.010903","1.254921"
"50","4","5.234481","0.977754","0.011235","1.246241"
"60","4","5.07736","0.979865","0.011564","1.238158"
"70","4","4.929396","0.98174","0.011891","1.230623"
"80","4","4.789813","0.983412","0.012214","1.223588"
"90","4","4.657917","0.984908","0.012534","1.217013"
"100","4","4.53309","0.986253","0.012851","1.210862"
"110","4","4.414779","0.987463","0.013164","1.205101"
"120","4","4.302486","0.988557","0.013474","1.1997"
"130","4","4.195764","0.989548","0.013781","1.194633"
"140","4","4.094209","0.990448","0.014085","1.189872"
"150","4","3.997453","0.991266","0.014386","1.185395"
"160","4","3.905165","0.992013","0.014684","1.18118"
"170","4","3.817043","0.992695","0.014978","1.177208"
"-100","5","11.717775","0.020822","0.167004","1.779049"
"-90","5","11.077984","0.020216","0.147247","1.824565"
"-80","5","10.504441","0.019725","0.130626","1.874164"
"-70","5","9.987363","0.019347","0.116253","1.930479"
"-60","5","9.518802","0.895822","0.007606","1.434622"
"-50","5","9.092237","0.911025","0.007921","1.402353"
"-40","5","8.702263","0.923178","0.008244","1.376622"
"-30","5","8.344367","0.933088","0.008573","1.355168"
"-20","5","8.014745","0.941296","0.008906","1.336719"
"-10","5","7.710176","0.948183","0.009242","1.320503"
"0","5","7.427907","0.954024","0.00958","1.306022"
"10","5","7.165576","0.959025","0.009918","1.292943"
"20","5","6.921142","0.96334","0.010255","1.281034"
"30","5","6.692834","0.96709","0.010591","1.270124"
"40","5","6.479108","0.97037","0.010925","1.260084"
"50","5","6.27861","0.973253","0.011257","1.250814"
"60","5","6.090148","0.975801","0.011586","1.24223"
"70","5","5.91267","0.978062","0.011912","1.234265"
"80","5","5.745243","0.980077","0.012235","1.22686"
"90","5","5.587038","0.98188","0.012555","1.219965"
"100","5","5.437311","0.983498","0.012872","1.213534"
"110","5","5.295401","0.984955","0.013185","1.207529"
"120","5","5.160709","0.986271","0.013495","1.201913"
"130","5","5.032699","0.987462","0.013802","1.196655"
"140","5","4.910886","0.988543","0.014106","1.191726"
"150","5","4.794831","0.989527","0.014407","1.187099"
"160","5","4.684134","0.990424","0.014705","1.18275"
"170","5","4.578433","0.991243","0.014999","1.178658"
"-100","6","13.666434","0.02428","0.167007","1.778396"
"-90","6","12.920246","0.023572","0.147266","1.823743"
"-80","6","12.251323","0.022999","0.13066","1.873108"
"-70","6","11.648255","0.022557","0.116302","1.929078"
"-60","6","11.101774","0.875855","0.007655","1.469843"
"-50","6","10.604271","0.894485","0.007963","1.428451"
"-40","6","10.149445","0.909208","0.008281","1.396893"
"-30","6","9.73203","0.92112","0.008606","1.371412"
"-20","6","9.347593","0.93093","0.008937","1.350035"
"-10","6","8.992373","0.939126","0.009271","1.331611"
"0","6","8.663163","0.946055","0.009607","1.31542"
"10","6","8.357207","0.95197","0.009944","1.300985"
"20","6","8.072124","0.957064","0.01028","1.287983"
"30","6","7.805849","0.961483","0.010615","1.276177"
"40","6","7.55658","0.965341","0.010949","1.265395"
"50","6","7.322739","0.968729","0.01128","1.255503"
"60","6","7.102936","0.97172","0.011608","1.246394"
"70","6","6.895944","0.974373","0.011934","1.237981"
"80","6","6.700674","0.976735","0.012257","1.230192"
"90","6","6.516159","0.978846","0.012577","1.222965"
"100","6","6.341533","0.980741","0.012893","1.216246"
"110","6","6.176023","0.982445","0.013206","1.209989"
"120","6","6.018932","0.983984","0.013516","1.204152"
"130","6","5.869634","0.985376","0.013823","1.1987"
"140","6","5.727564","0.98664","0.014127","1.193598"
"150","6","5.592209","0.987789","0.014428","1.188818"
"160","6","5.463103","0.988836","0.014726","1.184333"
"170","6","5.339824","0.989793","0.01502","1.180119"
"-100","7","15.615093","0.027737","0.167011","1.777745"
"-90","7","14.762508","0.026927","0.147286","1.822924"
"-80","7","13.998206","0.026271","0.130694","1.872056"
"-70","7","13.309148","0.025765","0.116351","1.927685"
"-60","7","12.684745","0.025414","0.103616","1.994211"
"-50","7","12.116305","0.87729","0.008011","1.458135"
"-40","7","11.596626","0.894812","0.008322","1.419324"
"-30","7","11.119693","0.908864","0.008643","1.38905"
"-20","7","10.68044","0.920365","0.00897","1.364295"
"-10","7","10.274571","0.929928","0.009302","1.343381"
"0","7","9.89842","0.937983","0.009636","1.325293"
"10","7","9.548838","0.944841","0.009971","1.309378"
"20","7","9.223106","0.950733","0.010306","1.295194"
"30","7","8.918863","0.955835","0.01064","1.28243"
"40","7","8.634052","0.960283","0.010973","1.270861"
"50","7","8.366868","0.964184","0.011303","1.260313"
"60","7","8.115724","0.967624","0.011631","1.250653"
"70","7","7.879217","0.970672","0.011957","1.241773"
"80","7","7.656105","0.973384","0.012279","1.233584"
"90","7","7.44528","0.975807","0.012599","1.226013"
"100","7","7.245755","0.977979","0.012915","1.218997"
"110","7","7.056645","0.979933","0.013228","1.212481"
"120","7","6.877155","0.981696","0.013538","1.206418"
"130","7","6.706569","0.983291","0.013845","1.200766"
"140","7","6.544242","0.984737","0.014148","1.195489"
"150","7","6.389586","0.986052","0.014449","1.190553"
"160","7","6.242072","0.987251","0.014747","1.185929"
"170","7","6.101215","0.988345","0.015041","1.181591"
"-100","8","17.563752","0.031193","0.167014","1.777096"
"-90","8","16.604771","0.030281","0.147305","1.822108"
"-80","8","15.745088","0.029541","0.130728","1.871009"
"-70","8","14.970041","0.02897","0.116399","1.926301"
"-60","8","14.267716","0.028573","0.103681","1.992296"
"-50","8","13.628339","0.859345","0.008064","1.492313"
"-40","8","13.043808","0.879948","0.008368","1.444313"
"-30","8","12.507357","0.896298","0.008683","1.408282"
"-20","8","12.013288","0.909586","0.009006","1.379607"
"-10","8","11.556769","0.92058","0.009335","1.355875"
"0","8","11.133677","0.929804","0.009666","1.33568"
"10","8","10.740469","0.937634","0.01","1.318144"
"20","8","10.374087","0.944345","0.010333","1.302682"
"30","8","10.031878","0.950145","0.010666","1.288893"
"40","8","9.711524","0.955193","0.010998","1.276486"
"50","8","9.410997","0.959616","0.011328","1.265247"
"60","8","9.128512","0.963511","0.011655","1.255009"
"70","8","8.862491","0.966959","0.01198","1.245642"
"80","8","8.611535","0.970025","0.012302","1.237039"
"90","8","8.374401","0.972762","0.012621","1.229112"
"100","8","8.149977","0.975214","0.012937","1.221789"
"110","8","7.937267","0.977419","0.01325","1.215007"
"120","8","7.735378","0.979407","0.01356","1.208711"
"130","8","7.543504","0.981205","0.013866","1.202855"
"140","8","7.360919","0.982835","0.01417","1.197398"
"150","8","7.186964","0.984317","0.01447","1.192303"
"160","8","7.021041","0.985667","0.014768","1.187537"
"170","8","6.862606","0.986899","0.015063","1.183073"
"-100","9","19.512412","0.034647","0.167018","1.776449"
"-90","9","18.447033","0.033633","0.147324","1.821295"
"-80","9","17.49197","0.03281","0.130762","1.869967"
"-70","9","16.630933","0.032174","0.116447","1.924925"
"-60","9","15.850688","0.03173","0.103745","1.990396"
"-50","9","15.140372","0.840531","0.008125","1.532278"
"-40","9","14.490989","0.864562","0.008418","1.472369"
"-30","9","13.89502","0.883395","0.008726","1.429349"
"-20","9","13.346135","0.898581","0.009045","1.396096"
"-10","9","12.838967","0.911074","0.00937","1.369162"
"0","9","12.368933","0.921513","0.009699","1.346622"
"10","9","11.9321","0.930346","0.01003","1.327308"
"20","9","11.525069","0.937899","0.010362","1.310463"
"30","9","11.144892","0.944412","0.010693","1.295575"
"40","9","10.788996","0.950073","0.011024","1.28228"
"50","9","10.455126","0.955025","0.011353","1.270311"
"60","9","10.1413","0.959382","0.01168","1.259467"
"70","9","9.845764","0.963234","0.012004","1.249591"
"80","9","9.566966","0.966657","0.012325","1.240557"
"90","9","9.303522","0.969711","0.012644","1.232262"
"100","9","9.054198","0.972446","0.01296","1.224623"
"110","9","8.817889","0.974903","0.013272","1.217566"
"120","9","8.593601","0.977118","0.013582","1.211032"
"130","9","8.380439","0.97912","0.013888","1.204967"
"140","9","8.177597","0.980935","0.014191","1.199326"
"150","9","7.984341","0.982584","0.014492","1.194068"
"160","9","7.800009","0.984085","0.014789","1.189159"
"170","9","7.623997","0.985456","0.015084","1.184566"
"-100","10","21.461071","0.0381","0.167021","1.775804"
"-90","10","20.289295","0.036983","0.147343","1.820484"
"-80","10","19.238853","0.036077","0.130795","1.868929"
"-70","10","18.291826","0.035375","0.116496","1.923556"
"-60","10","17.433659","0.034884","0.103809","1.988511"
"-50","10","16.652406","0.034629","0.092244","2.071499"
"-40","10","15.93817","0.84859","0.008473","1.504165"
"-30","10","15.282683","0.870125","0.008774","1.452545"
"-20","10","14.678983","0.887332","0.009086","1.413911"
"-10","10","14.121164","0.901402","0.009407","1.383323"
"0","10","13.60419","0.913106","0.009733","1.358165"
"10","10","13.123731","0.922976","0.010062","1.336899"
"20","10","12.676051","0.931392","0.010392","1.318555"
"30","10","12.257907","0.938636","0.010722","1.302488"
"40","10","11.866468","0.944921","0.011051","1.288247"
"50","10","11.499256","0.950411","0.011379","1.275508"
"60","10","11.154088","0.955235","0.011705","1.264029"
"70","10","10.829038","0.959498","0.012028","1.253621"
"80","10","10.522397","0.963282","0.012349","1.244139"
"90","10","10.232643","0.966655","0.012667","1.235464"
"100","10","9.95842","0.969674","0.012983","1.227498"
"110","10","9.698511","0.972385","0.013295","1.220159"
"120","10","9.451824","0.974828","0.013604","1.21338"
"130","10","9.217374","0.977035","0.01391","1.207102"
"140","10","8.994274","0.979035","0.014213","1.201273"
"150","10","8.781719","0.980852","0.014513","1.195849"
"160","10","8.578978","0.982506","0.014811","1.190793"
"170","10","8.385387","0.984015","0.015105","1.18607"
