"1.01","R32","CH2 F2","18/05/2015"
"-100","0","3.661534","0.002734","0.554825","1.574036"
"-90","0","3.461615","0.002634","0.47144","1.596097"
"-80","0","3.282396","0.002547","0.405293","1.618587"
"-70","0","3.120821","0.002472","0.351589","1.641708"
"-60","0","2.974406","0.002407","0.307211","1.665726"
"-50","0","2.841114","0.959448","0.009331","1.324999"
"-40","0","2.719257","0.966862","0.009774","1.311123"
"-30","0","2.607422","0.972368","0.010215","1.299322"
"-20","0","2.504423","0.976625","0.010655","1.288963"
"-10","0","2.409252","0.979996","0.011094","1.279648"
"0","0","2.32105","0.982716","0.01153","1.271119"
"10","0","2.239077","0.984943","0.011965","1.263205"
"20","0","2.162697","0.986789","0.012398","1.255797"
"30","0","2.091356","0.988337","0.012828","1.248817"
"40","0","2.024572","0.989648","0.013256","1.242216"
"50","0","1.961921","0.990768","0.013681","1.235956"
"60","0","1.903031","0.991733","0.014103","1.230011"
"70","0","1.847573","0.992569","0.014522","1.22436"
"80","0","1.795256","0.9933","0.014938","1.218987"
"90","0","1.74582","0.993942","0.015351","1.213877"
"100","0","1.699034","0.994508","0.015761","1.209016"
"110","0","1.654691","0.995011","0.016167","1.204394"
"120","0","1.612603","0.995458","0.01657","1.199998"
"130","0","1.572603","0.995859","0.01697","1.195817"
"140","0","1.534539","0.996218","0.017366","1.191841"
"150","0","1.498274","0.996542","0.017759","1.188059"
"160","0","1.463684","0.996835","0.018148","1.18446"
"-100","10","39.79807","0.029696","0.557573","1.572371"
"-90","10","37.625094","0.028608","0.473814","1.594128"
"-80","10","35.677121","0.027661","0.407405","1.616256"
"-70","10","33.920925","0.026839","0.353513","1.638938"
"-60","10","32.329514","0.026127","0.308998","1.662417"
"-50","10","30.880734","0.025518","0.27171","1.687033"
"-40","10","29.556234","0.025004","0.240107","1.713276"
"-30","10","28.340678","0.024582","0.213036","1.74186"
"-20","10","27.221157","0.024251","0.189607","1.773846"
"-10","10","26.186722","0.024015","0.169107","1.810864"
"0","10","25.228028","0.023882","0.150949","1.855527"
"10","10","24.337051","0.810268","0.011998","1.530937"
"20","10","23.50686","0.839033","0.012445","1.461755"
"30","10","22.731439","0.861122","0.012888","1.414415"
"40","10","22.005543","0.878806","0.013328","1.379023"
"50","10","21.324573","0.893328","0.013764","1.351158"
"60","10","20.684484","0.905467","0.014196","1.328437"
"70","10","20.081702","0.915753","0.014624","1.309429"
"80","10","19.513056","0.924564","0.015047","1.293212"
"90","10","18.975729","0.932183","0.015467","1.27916"
"100","10","18.467201","0.938822","0.015882","1.266831"
"110","10","17.985217","0.944647","0.016293","1.255901"
"120","10","17.527752","0.949788","0.0167","1.24613"
"130","10","17.092982","0.95435","0.017103","1.237331"
"140","10","16.679259","0.958417","0.017502","1.229359"
"150","10","16.28509","0.962059","0.017897","1.222096"
"160","10","15.909121","0.965331","0.018288","1.215449"
"-100","20","75.934606","0.056616","0.560325","1.570729"
"-90","20","71.788573","0.054537","0.47619","1.59219"
"-80","20","68.071846","0.052725","0.409516","1.613966"
"-70","20","64.721029","0.05115","0.355434","1.636223"
"-60","20","61.684621","0.049787","0.310781","1.659183"
"-50","20","58.920354","0.048616","0.273393","1.683154"
"-40","20","56.393211","0.047626","0.241719","1.708576"
"-30","20","54.073934","0.046808","0.214603","1.736091"
"-20","20","51.937891","0.046162","0.191153","1.766642"
"-10","20","49.964192","0.04569","0.170656","1.801657"
"0","20","48.135007","0.045407","0.152531","1.84338"
"10","20","46.435024","0.045339","0.136278","1.895542"
"20","20","44.851022","0.045536","0.121446","1.964911"
"30","20","43.371523","0.046094","0.107577","2.065518"
"40","20","41.986515","0.741863","0.013607","1.682895"
"50","20","40.687226","0.778816","0.014013","1.568151"
"60","20","39.465937","0.807516","0.014426","1.494037"
"70","20","38.31583","0.830711","0.014842","1.441096"
"80","20","37.230857","0.849932","0.015257","1.40091"
"90","20","36.205637","0.866145","0.015671","1.369121"
"100","20","35.235367","0.880005","0.016082","1.343211"
"110","20","34.315743","0.891982","0.01649","1.321605"
"120","20","33.442902","0.902425","0.016894","1.303261"
"130","20","32.613362","0.911598","0.017295","1.28746"
"140","20","31.823979","0.919707","0.017692","1.273686"
"150","20","31.071906","0.926915","0.018085","1.261558"
"160","20","30.354559","0.933355","0.018475","1.250786"
"-100","30","112.071142","0.083494","0.563082","1.56911"
"-90","30","105.952052","0.08042","0.478569","1.590282"
"-80","30","100.466571","0.077741","0.411628","1.611716"
"-70","30","95.521133","0.075408","0.357354","1.633562"
"-60","30","91.039729","0.073386","0.312561","1.656022"
"-50","30","86.959974","0.071648","0.27507","1.679373"
"-40","30","83.230188","0.070172","0.243324","1.704015"
"-30","30","79.80719","0.068948","0.21616","1.73052"
"-20","30","76.654625","0.067971","0.192684","1.759729"
"-10","30","73.741662","0.067246","0.172187","1.792896"
"0","30","71.041985","0.066788","0.154088","1.831955"
"10","30","68.532998","0.06663","0.137895","1.880038"
"20","30","66.195184","0.066835","0.123173","1.942604"
"30","30","64.011606","0.067516","0.109501","2.03028"
"40","30","61.967486","0.068908","0.096398","2.167764"
"50","30","60.049879","0.625152","0.014672","2.225888"
"60","30","58.247391","0.688324","0.014929","1.849579"
"70","30","56.549958","0.732664","0.015263","1.676582"
"80","30","54.948657","0.766835","0.015628","1.572219"
"90","30","53.435545","0.794395","0.016007","1.500861"
"100","30","52.003533","0.817249","0.016393","1.448363"
"110","30","50.64627","0.836565","0.016782","1.40782"
"120","30","49.358052","0.853126","0.017171","1.375407"
"130","30","48.133742","0.867484","0.017561","1.348811"
"140","30","46.9687","0.880044","0.017948","1.326542"
"150","30","45.858722","0.891115","0.018333","1.307589"
"160","30","44.799996","0.900935","0.018716","1.291242"
"-100","40","148.207678","0.110332","0.565845","1.567514"
"-90","40","140.115531","0.10626","0.480949","1.588404"
"-80","40","132.861297","0.102708","0.41374","1.609504"
"-70","40","126.321238","0.099614","0.359272","1.630953"
"-60","40","120.394837","0.096928","0.314337","1.65293"
"-50","40","114.999594","0.094614","0.276742","1.675688"
"-40","40","110.067165","0.092645","0.244921","1.699585"
"-30","40","105.540446","0.091004","0.217707","1.725136"
"-20","40","101.371359","0.089684","0.194203","1.753089"
"-10","40","97.519131","0.088688","0.173701","1.784547"
"0","40","93.948964","0.088032","0.15562","1.821183"
"10","40","90.630971","0.087755","0.139478","1.865641"
"20","40","87.539347","0.087924","0.12485","1.922369"
"30","40","84.651689","0.088661","0.11134","1.999572"
"40","40","81.948457","0.090205","0.098531","2.114675"
"50","40","79.412531","0.093095","0.085855","2.314639"
"60","40","77.028844","0.099024","0.072075","2.810033"
"70","40","74.784087","0.608924","0.016141","2.262225"
"80","40","72.666457","0.670091","0.016291","1.893671"
"90","40","70.665454","0.714519","0.016554","1.712929"
"100","40","68.771699","0.749361","0.016867","1.601755"
"110","40","66.976796","0.777801","0.017206","1.525187"
"120","40","65.273202","0.801609","0.017559","1.468706"
"130","40","63.654122","0.821893","0.01792","1.425064"
"140","40","62.11342","0.839406","0.018285","1.390194"
"150","40","60.645538","0.854685","0.018652","1.361617"
"160","40","59.245433","0.868127","0.01902","1.337725"
"-100","50","184.344214","0.137129","0.568612","1.565939"
"-90","50","174.27901","0.132056","0.483333","1.586554"
"-80","50","165.256022","0.127628","0.415852","1.607331"
"-70","50","157.121342","0.123767","0.361189","1.628393"
"-60","50","149.749944","0.120412","0.316109","1.649905"
"-50","50","143.039214","0.117517","0.278409","1.672093"
"-40","50","136.904142","0.115047","0.246511","1.69528"
"-30","50","131.273702","0.112979","0.219244","1.719928"
"-20","50","126.088093","0.111303","0.19571","1.746702"
"-10","50","121.296601","0.110021","0.175198","1.776576"
"0","50","116.855942","0.109148","0.157131","1.811001"
"10","50","112.728944","0.108724","0.141031","1.852219"
"20","50","108.883509","0.108819","0.126482","1.903888"
"30","50","105.291772","0.109558","0.113109","1.97244"
"40","50","101.929429","0.111175","0.100535","2.070564"
"50","50","98.775184","0.114152","0.08831","2.228197"
"60","50","95.810298","0.119729","0.075675","2.543151"
"70","50","93.018215","0.133633","0.060038","3.799833"
"80","50","90.384258","0.545246","0.017683","2.782606"
"90","50","87.895362","0.621816","0.017499","2.114582"
"100","50","85.539865","0.674478","0.017605","1.84508"
"110","50","83.307323","0.714911","0.017823","1.69269"
"120","50","81.188352","0.747566","0.018096","1.592754"
"130","50","79.174502","0.774739","0.0184","1.521414"
"140","50","77.25814","0.797813","0.018723","1.467592"
"150","50","75.432354","0.817695","0.019057","1.425369"
"160","50","73.690871","0.835022","0.019399","1.391269"
"-100","60","220.48075","0.163887","0.571385","1.564385"
"-90","60","208.442489","0.157809","0.485718","1.584732"
"-80","60","197.650747","0.152501","0.417965","1.605194"
"-70","60","187.921446","0.14787","0.363104","1.625882"
"-60","60","179.105052","0.14384","0.317879","1.646945"
"-50","60","171.078834","0.140357","0.280071","1.668586"
"-40","60","163.741119","0.137378","0.248094","1.691095"
"-30","60","157.006958","0.134875","0.220773","1.714887"
"-20","60","150.804826","0.132833","0.197205","1.740555"
"-10","60","145.074071","0.131249","0.17668","1.768957"
"0","60","139.762921","0.130141","0.158622","1.801356"
"10","60","134.826918","0.129546","0.142556","1.839664"
"20","60","130.227671","0.129535","0.128074","1.88691"
"30","60","125.931855","0.130232","0.114816","1.948203"
"40","60","121.9104","0.131859","0.102435","2.033013"
"50","60","118.137836","0.134848","0.090553","2.161481"
"60","60","114.591751","0.140168","0.078642","2.387307"
"70","60","111.252344","0.150818","0.065561","2.933724"
"80","60","108.102058","0.204611","0.041765","15.531607"
"90","60","105.12527","0.504593","0.019441","3.179179"
"100","60","102.308031","0.589511","0.018828","2.282337"
"110","60","99.637849","0.646915","0.018742","1.946097"
"120","60","97.103502","0.690723","0.018846","1.762655"
"130","60","94.694882","0.726016","0.019041","1.645039"
"140","60","92.40286","0.755362","0.019288","1.562408"
"150","60","90.21917","0.780281","0.019567","1.500817"
"160","60","88.136308","0.801764","0.019865","1.452962"
"-100","70","256.617286","0.190605","0.574163","1.562853"
"-90","70","242.605968","0.183519","0.488107","1.582937"
"-80","70","230.045472","0.177329","0.420078","1.603092"
"-70","70","218.721551","0.171922","0.365018","1.623418"
"-60","70","208.46016","0.167214","0.319646","1.644047"
"-50","70","199.118454","0.163137","0.281728","1.665163"
"-40","70","190.578096","0.159642","0.249671","1.687025"
"-30","70","182.740214","0.156694","0.222293","1.710004"
"-20","70","175.52156","0.154275","0.198689","1.73463"
"-10","70","168.851541","0.152378","0.178147","1.761662"
"0","70","162.669899","0.151018","0.160093","1.792201"
"10","70","156.924891","0.15023","0.144055","1.827884"
"20","70","151.571834","0.150085","0.12963","1.871234"
"30","70","146.571938","0.150701","0.116469","1.926357"
"40","70","141.891372","0.15229","0.104248","2.000461"
"50","70","137.500489","0.155234","0.092637","2.107638"
"60","70","133.373204","0.160322","0.081234","2.280347"
"70","70","129.486472","0.169519","0.069377","2.616594"
"80","70","125.819858","0.190396","0.055277","3.634896"
"90","70","122.355178","0.326602","0.026607","8.144789"
"100","70","119.076197","0.489574","0.021129","3.211968"
"110","70","115.968375","0.572876","0.020177","2.353155"
"120","70","113.018652","0.631028","0.019911","2.001024"
"130","70","110.215262","0.675909","0.0199","1.805088"
"140","70","107.547581","0.712295","0.020016","1.678772"
"150","70","105.005986","0.742681","0.020203","1.589943"
"160","70","102.581745","0.768572","0.020435","1.523781"
"-100","80","292.753821","0.217284","0.576946","1.56134"
"-90","80","276.769447","0.209188","0.490498","1.581169"
"-80","80","262.440198","0.202111","0.422192","1.601025"
"-70","80","249.521655","0.195925","0.36693","1.621"
"-60","80","237.815267","0.190533","0.32141","1.64121"
"-50","80","227.158074","0.185857","0.283382","1.66182"
"-40","80","217.415073","0.181839","0.251242","1.683063"
"-30","80","208.47347","0.178439","0.223805","1.705271"
"-20","80","200.238294","0.175632","0.200162","1.728916"
"-10","80","192.629011","0.17341","0.179601","1.75467"
"0","80","185.576878","0.171782","0.161547","1.783496"
"10","80","179.022865","0.170783","0.14553","1.816799"
"20","80","172.915996","0.170478","0.131153","1.856695"
"30","80","167.212021","0.170983","0.118075","1.906517"
"40","80","161.872343","0.172491","0.105988","1.971837"
"50","80","156.863142","0.175348","0.094596","2.06282"
"60","80","152.154658","0.180206","0.08357","2.200373"
"70","80","147.720601","0.188487","0.072471","2.435917"
"80","80","143.537659","0.204121","0.060483","2.935965"
"90","80","139.585087","0.244527","0.045415","4.559835"
"100","80","135.844363","0.377424","0.028996","4.902693"
"110","80","132.298902","0.493578","0.024292","3.004881"
"120","80","128.933802","0.569221","0.022768","2.333505"
"130","80","125.735642","0.625032","0.022104","2.010412"
"140","80","122.692301","0.669103","0.021803","1.820115"
"150","80","119.792802","0.705289","0.021694","1.694134"
"160","80","117.027183","0.735763","0.021699","1.604263"
"-100","90","328.890357","0.243925","0.579734","1.559848"
"-90","90","310.932926","0.234816","0.492891","1.579427"
"-80","90","294.834923","0.226849","0.424307","1.598992"
"-70","90","280.321759","0.21988","0.368842","1.618625"
"-60","90","267.170375","0.213799","0.323172","1.638431"
"-50","90","255.197694","0.208519","0.285031","1.658554"
"-40","90","244.25205","0.203972","0.252807","1.679205"
"-30","90","234.206726","0.200112","0.225309","1.70068"
"-20","90","224.955028","0.196908","0.201626","1.7234"
"-10","90","216.406481","0.194349","0.181042","1.74796"
"0","90","208.483856","0.192439","0.162984","1.775203"
"10","90","201.120838","0.191211","0.146983","1.806342"
"20","90","194.260158","0.190725","0.132646","1.84316"
"30","90","187.852104","0.19109","0.119639","1.888382"
"40","90","181.853314","0.192486","0.107665","1.946379"
"50","90","176.225794","0.195219","0.096452","2.024657"
"60","90","170.936111","0.199843","0.08572","2.137314"
"70","90","165.954729","0.207442","0.075143","2.314246"
"80","90","161.255459","0.220505","0.064254","2.62927"
"90","90","156.814995","0.24615","0.052253","3.293384"
"100","90","152.612529","0.309189","0.038454","4.534462"
"110","90","148.629428","0.418261","0.028926","3.731557"
"120","90","144.848952","0.508242","0.02541","2.75082"
"130","90","141.256022","0.574851","0.023922","2.260391"
"140","90","137.837021","0.626683","0.02319","1.986105"
"150","90","134.579618","0.668715","0.022819","1.812952"
"160","90","131.47262","0.703778","0.02265","1.693949"
"-100","100","365.026893","0.270528","0.582528","1.558375"
"-90","100","345.096405","0.260403","0.495288","1.57771"
"-80","100","327.229648","0.251543","0.426422","1.596992"
"-70","100","311.121863","0.243788","0.370753","1.616294"
"-60","100","296.525482","0.237014","0.324931","1.635707"
"-50","100","283.237314","0.231123","0.286676","1.655363"
"-40","100","271.089027","0.226042","0.254367","1.675446"
"-30","100","259.939982","0.221714","0.226807","1.696223"
"-20","100","249.671762","0.218105","0.20308","1.71807"
"-10","100","240.18395","0.215198","0.182471","1.741513"
"0","100","231.390835","0.212994","0.164406","1.767292"
"10","100","223.218812","0.211521","0.148416","1.796455"
"20","100","215.604321","0.210834","0.134112","1.830513"
"30","100","208.492187","0.211035","0.121164","1.871713"
"40","100","201.834286","0.212289","0.109287","1.923521"
"50","100","195.588447","0.214872","0.098222","1.99159"
"60","100","189.717564","0.219253","0.087724","2.08576"
"70","100","184.188858","0.226294","0.077533","2.224634"
"80","100","178.973259","0.237733","0.067339","2.44645"
"90","100","174.044903","0.257537","0.056744","2.831108"
"100","100","169.380696","0.295687","0.045445","3.488331"
"110","100","164.959954","0.368089","0.035007","3.804083"
"120","100","160.764102","0.455017","0.029031","3.113865"
"130","100","156.776402","0.528197","0.026286","2.524187"
"140","100","152.981742","0.586501","0.024913","2.166857"
"150","100","149.366434","0.633842","0.024172","1.94214"
"160","100","145.918057","0.673206","0.023764","1.79059"
"-100","110","401.163429","0.297094","0.585327","1.556921"
"-90","110","379.259884","0.28595","0.497688","1.576017"
"-80","110","359.624374","0.276194","0.428539","1.595024"
"-70","110","341.921968","0.267649","0.372664","1.614004"
"-60","110","325.88059","0.260178","0.326688","1.633038"
"-50","110","311.276934","0.253672","0.288317","1.652243"
"-40","110","297.926004","0.248049","0.255921","1.671783"
"-30","110","285.673238","0.243248","0.228297","1.691896"
"-20","110","274.388496","0.239226","0.204525","1.712916"
"-10","110","263.96142","0.235961","0.183888","1.735311"
"0","110","254.297813","0.233451","0.165812","1.759732"
"10","110","245.316785","0.231718","0.149829","1.787086"
"20","110","236.948483","0.230813","0.135552","1.818661"
"30","110","229.13227","0.230829","0.122655","1.856317"
"40","110","221.815257","0.231918","0.11086","1.902836"
"50","110","214.951099","0.234324","0.09992","1.962541"
"60","110","208.499018","0.238455","0.089612","2.04249"
"70","110","202.422986","0.24501","0.079717","2.154835"
"80","110","196.69106","0.255276","0.070008","2.321345"
"90","110","191.274811","0.271806","0.060247","2.579061"
"100","110","186.148862","0.299832","0.050294","2.96734"
"110","110","181.290481","0.348287","0.040676","3.361602"
"120","110","176.679252","0.417846","0.033363","3.210162"
"130","110","172.296782","0.489111","0.029212","2.728058"
"140","110","168.126462","0.550589","0.027005","2.337371"
"150","110","164.15325","0.601821","0.025773","2.071611"
"160","110","160.363495","0.644768","0.025056","1.889375"
"-100","120","437.299965","0.323623","0.588132","1.555486"
"-90","120","413.423363","0.311458","0.500091","1.574349"
"-80","120","392.019099","0.300802","0.430657","1.593086"
"-70","120","372.722072","0.291463","0.374573","1.611754"
"-60","120","355.235698","0.283291","0.328442","1.630422"
"-50","120","339.316554","0.276166","0.289955","1.649192"
"-40","120","324.762981","0.269997","0.257471","1.668211"
"-30","120","311.406494","0.264715","0.22978","1.68769"
"-20","120","299.10523","0.260271","0.205962","1.707928"
"-10","120","287.73889","0.256639","0.185295","1.72934"
"0","120","277.204792","0.253812","0.167205","1.752498"
"10","120","267.414759","0.251807","0.151225","1.778191"
"20","120","258.292645","0.250668","0.136969","1.80752"
"30","120","249.772353","0.250481","0.124115","1.842036"
"40","120","241.796228","0.251383","0.112389","1.88399"
"50","120","234.313752","0.253593","0.101555","1.936734"
"60","120","227.280471","0.257465","0.091405","2.005442"
"70","120","220.657115","0.263578","0.081745","2.098348"
"80","120","214.40886","0.272926","0.072395","2.228659"
"90","120","208.50472","0.287289","0.063191","2.415631"
"100","120","202.917028","0.309872","0.054059","2.675037"
"110","120","197.621007","0.345743","0.045248","2.966621"
"120","120","192.594401","0.398516","0.037717","3.058225"
"130","120","187.817162","0.460961","0.032528","2.803636"
"140","120","183.271182","0.521095","0.029435","2.46268"
"150","120","178.940066","0.57393","0.027622","2.185713"
"160","120","174.808932","0.619259","0.026529","1.982802"
"-100","130","473.436501","0.350115","0.590943","1.554069"
"-90","130","447.586842","0.336926","0.502497","1.572704"
"-80","130","424.413824","0.325368","0.432775","1.591179"
"-70","130","403.522176","0.315233","0.376483","1.609543"
"-60","130","384.590805","0.306356","0.330195","1.627856"
"-50","130","367.356173","0.298607","0.291589","1.646207"
"-40","130","351.599958","0.291886","0.259015","1.664726"
"-30","130","337.13975","0.286116","0.231257","1.683601"
"-20","130","323.821964","0.281245","0.20739","1.703098"
"-10","130","311.51636","0.277237","0.186691","1.723585"
"0","130","300.111771","0.274083","0.168585","1.745567"
"10","130","289.512732","0.271792","0.152604","1.769731"
"20","130","279.636807","0.270406","0.138364","1.79702"
"30","130","270.412436","0.269999","0.125546","1.828738"
"40","130","261.7772","0.270696","0.11388","1.866718"
"50","130","253.676405","0.272693","0.103136","1.913591"
"60","130","246.061924","0.276299","0.093116","1.97322"
"70","130","238.891243","0.281998","0.083647","2.051342"
"80","130","232.12666","0.290582","0.074573","2.156345"
"90","130","225.734628","0.303363","0.065772","2.298988"
"100","130","219.685194","0.322493","0.057192","2.486062"
"110","130","213.951534","0.351133","0.048975","2.697401"
"120","130","208.509551","0.392261","0.041637","2.83532"
"130","130","203.337542","0.444241","0.035933","2.756642"
"140","130","198.415902","0.49941","0.032098","2.518936"
"150","130","193.726882","0.551262","0.029686","2.268301"
"160","130","189.254369","0.597426","0.028172","2.061991"
"-100","140","509.573037","0.376571","0.593759","1.55267"
"-90","140","481.750321","0.362356","0.504906","1.571082"
"-80","140","456.808549","0.349893","0.434895","1.589301"
"-70","140","434.322281","0.338958","0.378391","1.60737"
"-60","140","413.945913","0.329372","0.331946","1.625339"
"-50","140","395.395793","0.320995","0.293221","1.643286"
"-40","140","378.436935","0.313717","0.260555","1.661325"
"-30","140","362.873006","0.307455","0.232728","1.679624"
"-20","140","348.538698","0.302148","0.20881","1.698417"
"-10","140","335.29383","0.297757","0.188077","1.718033"
"0","140","323.018749","0.294265","0.169952","1.738917"
"10","140","311.610706","0.291679","0.153967","1.76167"
"20","140","300.98097","0.290032","0.139739","1.787103"
"30","140","291.05252","0.28939","0.126951","1.816314"
"40","140","281.758171","0.289866","0.115335","1.850808"
"50","140","273.039057","0.291636","0.104668","1.892674"
"60","140","264.843378","0.294967","0.094759","1.944836"
"70","140","257.125372","0.300273","0.085446","2.011387"
"80","140","249.844461","0.308196","0.076592","2.097837"
"90","140","242.964536","0.319739","0.068095","2.210487"
"100","140","236.45336","0.336441","0.059911","2.352264"
"110","140","230.28206","0.360431","0.05213","2.510722"
"120","140","224.424701","0.393862","0.045057","2.637674"
"130","140","218.857922","0.436886","0.039185","2.645602"
"140","140","213.560623","0.485571","0.034845","2.509389"
"150","140","208.513698","0.534376","0.031897","2.310551"
"160","140","203.699807","0.579803","0.029956","2.119463"
"-100","150","545.709573","0.402991","0.596581","1.551288"
"-90","150","515.9138","0.387748","0.507318","1.569482"
"-80","150","489.203275","0.374378","0.437017","1.587452"
"-70","150","465.122385","0.362639","0.3803","1.605233"
"-60","150","443.30102","0.35234","0.333696","1.622869"
"-50","150","423.435413","0.343331","0.294849","1.640427"
"-40","150","405.273912","0.335491","0.262091","1.658005"
"-30","150","388.606262","0.328731","0.234193","1.675752"
"-20","150","373.255432","0.322982","0.210223","1.693877"
"-10","150","359.0713","0.3182","0.189454","1.712673"
"0","150","345.925728","0.314363","0.171307","1.732531"
"10","150","333.708679","0.311471","0.155315","1.753978"
"20","150","322.325132","0.309551","0.141095","1.777713"
"30","150","311.692603","0.308661","0.128331","1.804669"
"40","150","301.739143","0.308903","0.116758","1.836087"
"50","150","292.40171","0.310431","0.106157","1.87364"
"60","150","283.624831","0.313482","0.096342","1.919571"
"70","150","275.3595","0.318409","0.087159","1.976854"
"80","150","267.562261","0.32574","0.078483","2.049205"
"90","150","260.194444","0.336267","0.070223","2.140428"
"100","150","253.221526","0.351137","0.062339","2.251641"
"110","150","246.612586","0.371867","0.054885","2.37441"
"120","150","240.339851","0.400017","0.048057","2.481125"
"130","150","234.378302","0.436172","0.04218","2.521131"
"140","150","228.705343","0.47851","0.037546","2.456317"
"150","150","223.300514","0.52316","0.034176","2.314605"
"160","150","218.145244","0.566588","0.031839","2.151854"
"-100","160","581.846108","0.429376","0.599409","1.549924"
"-90","160","550.077279","0.413102","0.509734","1.567904"
"-80","160","521.598","0.398822","0.43914","1.585631"
"-70","160","495.922489","0.386277","0.382208","1.603133"
"-60","160","472.656128","0.375262","0.335443","1.620446"
"-50","160","451.475033","0.365616","0.296474","1.637627"
"-40","160","432.110889","0.357211","0.263622","1.654762"
"-30","160","414.339517","0.349946","0.235653","1.671981"
"-20","160","397.972165","0.34375","0.211629","1.689472"
"-10","160","382.848769","0.33857","0.190822","1.707492"
"0","160","368.832706","0.334379","0.172652","1.72639"
"10","160","355.806653","0.331171","0.15665","1.746626"
"20","160","343.669294","0.328967","0.142434","1.768806"
"30","160","332.332686","0.327818","0.129689","1.793723"
"40","160","321.720114","0.327812","0.118152","1.822411"
"50","160","311.764362","0.329088","0.107607","1.856216"
"60","160","302.406284","0.331853","0.097872","1.896883"
"70","160","293.593629","0.336409","0.088799","1.946603"
"80","160","285.280061","0.343201","0.080269","2.007933"
"90","160","277.424353","0.352862","0.072199","2.083212"
"100","160","269.989692","0.366277","0.064548","2.172672"
"110","160","262.943113","0.384572","0.057347","2.270279"
"120","160","256.255001","0.408905","0.050727","2.358519"
"130","160","249.898682","0.439894","0.04491","2.406617"
"140","160","243.850063","0.476742","0.040122","2.383456"
"150","160","238.08733","0.516977","0.036449","2.290202"
"160","160","232.590681","0.557629","0.033773","2.160612"
"-100","170","617.982644","0.455726","0.602243","1.548576"
"-90","170","584.240758","0.43842","0.512153","1.566348"
"-80","170","553.992725","0.423226","0.441264","1.583837"
"-70","170","526.722593","0.409872","0.384117","1.601067"
"-60","170","502.011236","0.398138","0.33719","1.618067"
"-50","170","479.514653","0.387852","0.298097","1.634884"
"-40","170","458.947866","0.378876","0.26515","1.651593"
"-30","170","440.072773","0.371103","0.237107","1.668308"
"-20","170","422.688899","0.364453","0.213028","1.685195"
"-10","170","406.626239","0.358868","0.192181","1.702482"
"0","170","391.739685","0.354315","0.173985","1.720479"
"10","170","377.904626","0.350783","0.157971","1.73959"
"20","170","365.013457","0.348286","0.143756","1.760341"
"30","170","352.972769","0.346867","0.131025","1.783409"
"40","170","341.701085","0.346602","0.119519","1.809659"
"50","170","331.127015","0.347615","0.109022","1.840185"
"60","170","321.187738","0.350088","0.099356","1.876355"
"70","170","311.827757","0.354282","0.090375","1.919806"
"80","170","302.997862","0.36057","0.081968","1.972325"
"90","170","294.654261","0.369473","0.074052","2.035357"
"100","170","286.757858","0.381686","0.066587","2.108698"
"110","170","279.273639","0.398073","0.059587","2.187862"
"120","170","272.170151","0.419514","0.05314","2.260986"
"130","170","265.419062","0.446558","0.047402","2.308093"
"140","170","258.994784","0.478884","0.042544","2.306723"
"150","170","252.874146","0.514959","0.038664","2.248786"
"160","170","247.036119","0.552511","0.035716","2.15051"
"-100","180","654.11918","0.482041","0.605083","1.547245"
"-90","180","618.404237","0.4637","0.514576","1.564812"
"-80","180","586.38745","0.447592","0.44339","1.58207"
"-70","180","557.522698","0.433425","0.386025","1.599035"
"-60","180","531.366343","0.420969","0.338935","1.615731"
"-50","180","507.554273","0.410039","0.299717","1.632196"
"-40","180","485.784843","0.400488","0.266673","1.648495"
"-30","180","465.806029","0.392202","0.238556","1.664727"
"-20","180","447.405633","0.385092","0.214421","1.681039"
"-10","180","430.403709","0.379096","0.193533","1.697633"
"0","180","414.646663","0.374175","0.175309","1.714784"
"10","180","400.002599","0.370311","0.159279","1.732847"
"20","180","386.357619","0.367511","0.145062","1.752282"
"30","180","373.612852","0.365811","0.132343","1.773667"
"40","180","361.682057","0.365279","0.120862","1.79773"
"50","180","350.489667","0.36602","0.110405","1.825367"
"60","180","339.969191","0.368195","0.100797","1.85766"
"70","180","330.061886","0.372032","0.091896","1.895846"
"80","180","320.715662","0.377846","0.083592","1.941187"
"90","180","311.884169","0.386068","0.075803","1.994572"
"100","180","303.526025","0.397258","0.068489","2.055587"
"110","180","295.604166","0.412091","0.061651","2.120796"
"120","180","288.085301","0.431254","0.055349","2.181796"
"130","180","280.939442","0.45521","0.049691","2.224866"
"140","180","274.139504","0.483854","0.044809","2.234029"
"150","180","267.660962","0.516233","0.040792","2.199635"
"160","180","261.481556","0.550685","0.037632","2.127401"
"-100","190","690.255716","0.508322","0.607929","1.54593"
"-90","190","652.567716","0.488944","0.517002","1.563297"
"-80","190","618.782176","0.471919","0.445518","1.580328"
"-70","190","588.322802","0.456938","0.387934","1.597036"
"-60","190","560.721451","0.443756","0.340679","1.613437"
"-50","190","535.593893","0.432178","0.301335","1.629562"
"-40","190","512.62182","0.422049","0.268193","1.645466"
"-30","190","491.539285","0.413244","0.240001","1.661235"
"-20","190","472.122367","0.40567","0.215807","1.676998"
"-10","190","454.181179","0.399257","0.194876","1.692936"
"0","190","437.553642","0.39396","0.176623","1.709291"
"10","190","422.100573","0.389756","0.160576","1.726378"
"20","190","407.701781","0.386646","0.146354","1.744596"
"30","190","394.252935","0.384657","0.133642","1.764445"
"40","190","381.663028","0.383846","0.122181","1.786538"
"50","190","369.85232","0.384308","0.111759","1.811615"
"60","190","358.750645","0.386182","0.102201","1.840538"
"70","190","348.296014","0.389665","0.093368","1.874251"
"80","190","338.433462","0.395027","0.08515","1.913654"
"90","190","329.114077","0.402628","0.077469","1.95928"
"100","190","320.294191","0.412925","0.070279","2.010627"
"110","190","311.934692","0.426455","0.063574","2.065"
"120","190","304.000451","0.443764","0.057391","2.116243"
"130","190","296.459822","0.465237","0.05181","2.154528"
"140","190","289.284224","0.490867","0.046928","2.168271"
"150","190","282.447778","0.52005","0.042821","2.148805"
"160","190","275.926993","0.551586","0.039501","2.096581"
"-100","200","726.392252","0.53457","0.610781","1.54463"
"-90","200","686.731195","0.514153","0.519432","1.561802"
"-80","200","651.176901","0.496207","0.447647","1.578612"
"-70","200","619.122906","0.480409","0.389843","1.595069"
"-60","200","590.076558","0.466499","0.342421","1.611184"
"-50","200","563.633513","0.45427","0.30295","1.62698"
"-40","200","539.458797","0.443558","0.26971","1.642503"
"-30","200","517.272541","0.434231","0.24144","1.657828"
"-20","200","496.839101","0.426187","0.217188","1.673069"
"-10","200","477.958649","0.419352","0.196212","1.688384"
"0","200","460.46062","0.413673","0.177927","1.70399"
"10","200","444.198546","0.409122","0.161862","1.720163"
"20","200","429.045944","0.405694","0.147632","1.737255"
"30","200","414.893018","0.403407","0.134924","1.755697"
"40","200","401.643999","0.402311","0.123479","1.776009"
"50","200","389.214973","0.402486","0.113086","1.798805"
"60","200","377.532098","0.404054","0.103571","1.824778"
"70","200","366.530143","0.407186","0.094796","1.854653"
"80","200","356.151263","0.412114","0.086653","1.889077"
"90","200","346.343986","0.41914","0.079062","1.928355"
"100","200","337.062357","0.428641","0.071976","1.971959"
"110","200","328.265218","0.441053","0.06538","2.017736"
"120","200","319.915601","0.456812","0.059298","2.061052"
"130","200","311.980202","0.476239","0.053785","2.094647"
"140","200","304.428944","0.499371","0.048915","2.109902"
"150","200","297.234594","0.525813","0.044749","2.099641"
"160","200","290.372431","0.554694","0.041309","2.06207"
"-100","210","762.528788","0.560784","0.61364","1.543346"
"-90","210","720.894674","0.539326","0.521866","1.560326"
"-80","210","683.571626","0.520458","0.449778","1.57692"
"-70","210","649.923011","0.50384","0.391752","1.593132"
"-60","210","619.431666","0.489199","0.344163","1.608969"
"-50","210","591.673133","0.476316","0.304563","1.624448"
"-40","210","566.295774","0.465017","0.271223","1.639604"
"-30","210","543.005797","0.455163","0.242875","1.654503"
"-20","210","521.555835","0.446646","0.218562","1.669244"
"-10","210","501.736119","0.439383","0.197541","1.683969"
"0","210","483.367599","0.433316","0.179223","1.698868"
"10","210","466.29652","0.428412","0.163136","1.714187"
"20","210","450.390106","0.424658","0.148897","1.730234"
"30","210","435.533101","0.422067","0.13619","1.747384"
"40","210","421.624971","0.420677","0.124757","1.76608"
"50","210","408.577625","0.420559","0.114388","1.786834"
"60","210","396.313551","0.421817","0.104911","1.810206"
"70","210","384.764271","0.424601","0.096185","1.836761"
"80","210","373.869063","0.429108","0.088105","1.866963"
"90","210","363.573894","0.435595","0.080591","1.900969"
"100","210","353.830523","0.444376","0.073592","1.938263"
"110","210","344.595745","0.455807","0.067088","1.977096"
"120","210","335.830751","0.470242","0.061091","2.013904"
"130","210","327.500582","0.487947","0.055638","2.04319"
"140","210","319.573665","0.508978","0.050786","2.058391"
"150","210","312.02141","0.533066","0.046582","2.0537"
"160","210","304.817868","0.559572","0.04305","2.026571"
"-100","220","798.665324","0.586965","0.616504","1.542077"
"-90","220","755.058153","0.564464","0.524304","1.558869"
"-80","220","715.966351","0.544673","0.451912","1.575252"
"-70","220","680.723115","0.527232","0.393661","1.591227"
"-60","220","648.786774","0.511857","0.345904","1.606793"
"-50","220","619.712753","0.498317","0.306174","1.621964"
"-40","220","593.132751","0.486428","0.272733","1.636766"
"-30","220","568.739053","0.476043","0.244306","1.651256"
"-20","220","546.272569","0.467047","0.219932","1.66552"
"-10","220","525.513588","0.459351","0.198863","1.679683"
"0","220","506.274577","0.452892","0.180511","1.693915"
"10","220","488.394493","0.447628","0.164401","1.708434"
"20","220","471.734268","0.443541","0.150149","1.72351"
"30","220","456.173184","0.440638","0.13744","1.73947"
"40","220","441.605942","0.438949","0.126017","1.756694"
"50","220","427.940278","0.438531","0.115668","1.775611"
"60","220","415.095005","0.439477","0.106221","1.796679"
"70","220","402.998399","0.441913","0.097539","1.820339"
"80","220","391.586863","0.446012","0.089513","1.846925"
"90","220","380.803802","0.451989","0.082064","1.876499"
"100","220","370.598689","0.460109","0.075139","1.908574"
"110","220","360.926271","0.470665","0.068713","1.941711"
"120","220","351.745901","0.483947","0.062787","1.973117"
"130","220","343.020962","0.500176","0.057388","1.998549"
"140","220","334.718385","0.519412","0.052554","2.012914"
"150","220","326.808226","0.541466","0.048327","2.011518"
"160","220","319.263306","0.56586","0.044724","1.991726"
"-100","230","834.80186","0.613113","0.619375","1.540823"
"-90","230","789.221632","0.589568","0.526745","1.557431"
"-80","230","748.361077","0.56885","0.454047","1.573608"
"-70","230","711.523219","0.550585","0.395571","1.58935"
"-60","230","678.141881","0.534472","0.347644","1.604655"
"-50","230","647.752373","0.520272","0.307784","1.619526"
"-40","230","619.969728","0.50779","0.27424","1.633988"
"-30","230","594.472309","0.496871","0.245733","1.648084"
"-20","230","570.989303","0.487392","0.221295","1.661892"
"-10","230","549.291058","0.479258","0.200179","1.675521"
"0","230","529.181556","0.4724","0.18179","1.689123"
"10","230","510.492467","0.466771","0.165656","1.70289"
"20","230","493.078431","0.462347","0.15139","1.717062"
"30","230","476.813267","0.459126","0.138677","1.731924"
"40","230","461.586914","0.45713","0.12726","1.747803"
"50","230","447.30293","0.456408","0.116926","1.765063"
"60","230","433.876458","0.457037","0.107506","1.784078"
"70","230","421.232528","0.459128","0.09886","1.805196"
"80","230","409.304664","0.462827","0.090881","1.828658"
"90","230","398.033711","0.468319","0.083488","1.854466"
"100","230","387.366855","0.475825","0.076626","1.882168"
"110","230","377.256798","0.485589","0.070265","1.910571"
"120","230","367.66105","0.497851","0.064401","1.937447"
"130","230","358.541342","0.512794","0.059047","1.959472"
"140","230","349.863105","0.530474","0.054234","1.97263"
"150","230","341.595042","0.550758","0.04999","1.973105"
"160","230","333.708743","0.573275","0.046332","1.958436"
"-100","240","870.938395","0.639229","0.622252","1.539584"
"-90","240","823.385111","0.614637","0.52919","1.556011"
"-80","240","780.755802","0.592991","0.456184","1.571987"
"-70","240","742.323323","0.573899","0.397482","1.587502"
"-60","240","707.496989","0.557047","0.349383","1.602552"
"-50","240","675.791993","0.542184","0.309391","1.617134"
"-40","240","646.806705","0.529105","0.275744","1.631266"
"-30","240","620.205565","0.517648","0.247156","1.644985"
"-20","240","595.706037","0.507682","0.222654","1.658356"
"-10","240","573.068528","0.499106","0.201488","1.671477"
"0","240","552.088534","0.491845","0.183063","1.684482"
"10","240","532.59044","0.485845","0.166902","1.697543"
"20","240","514.422593","0.481077","0.15262","1.710872"
"30","240","497.45335","0.477531","0.1399","1.724718"
"40","240","481.567885","0.475224","0.128486","1.739366"
"50","240","466.665583","0.474192","0.118165","1.755122"
"60","240","452.657911","0.474503","0.108766","1.7723"
"70","240","439.466656","0.476249","0.100151","1.791173"
"80","240","427.022464","0.479556","0.092212","1.811916"
"90","240","415.263619","0.484582","0.084867","1.834493"
"100","240","404.135021","0.491513","0.078059","1.858492"
"110","240","393.587324","0.500553","0.071755","1.882912"
"120","240","383.5762","0.511899","0.065943","1.905956"
"130","240","374.061722","0.525705","0.060629","1.924982"
"140","240","365.007826","0.542021","0.055834","1.936781"
"150","240","356.381858","0.560746","0.051579","1.938232"
"160","240","348.15418","0.581593","0.047879","1.92713"
"-100","250","907.074931","0.665313","0.625135","1.538359"
"-90","250","857.54859","0.639673","0.531639","1.554609"
"-80","250","813.150527","0.617097","0.458323","1.570388"
"-70","250","773.123428","0.597175","0.399393","1.585683"
"-60","250","736.852096","0.579582","0.351122","1.600484"
"-50","250","703.831613","0.564053","0.310997","1.614786"
"-40","250","673.643682","0.550374","0.277246","1.6286"
"-30","250","645.938821","0.538375","0.248575","1.641955"
"-20","250","620.42277","0.527919","0.224008","1.654908"
"-10","250","596.845998","0.518896","0.202791","1.667545"
"0","250","574.995513","0.511227","0.184327","1.679985"
"10","250","554.688414","0.504851","0.168139","1.692381"
"20","250","535.766755","0.499734","0.153839","1.704922"
"30","250","518.093433","0.495859","0.141111","1.717826"
"40","250","501.548856","0.493234","0.129697","1.731343"
"50","250","486.028236","0.491889","0.119385","1.745734"
"60","250","471.439365","0.491877","0.110004","1.761258"
"70","250","457.700785","0.493279","0.101416","1.778138"
"80","250","444.740264","0.496201","0.093511","1.796498"
"90","250","432.493527","0.500778","0.086207","1.81628"
"100","250","420.903187","0.507166","0.079445","1.837111"
"110","250","409.91785","0.515535","0.073189","1.858148"
"120","250","399.49135","0.526051","0.067421","1.877924"
"130","250","389.582102","0.538839","0.062142","1.894311"
"140","250","380.152546","0.553943","0.057364","1.904721"
"150","250","371.168674","0.571286","0.053102","1.906581"
"160","250","362.599618","0.590636","0.049367","1.897952"
"-100","260","943.211467","0.691365","0.628025","1.537148"
"-90","260","891.71207","0.664676","0.534093","1.553225"
"-80","260","845.545253","0.641167","0.460465","1.56881"
"-70","260","803.923532","0.620414","0.401305","1.58389"
"-60","260","766.207204","0.602077","0.352861","1.59845"
"-50","260","731.871232","0.585879","0.312601","1.612481"
"-40","260","700.480659","0.571597","0.278744","1.625987"
"-30","260","671.672077","0.559054","0.24999","1.638992"
"-20","260","645.139504","0.548102","0.225358","1.651545"
"-10","260","620.623468","0.53863","0.204089","1.66372"
"0","260","597.902491","0.530548","0.185585","1.675624"
"10","260","576.786387","0.523792","0.169367","1.687394"
"20","260","557.110918","0.51832","0.155048","1.699197"
"30","260","538.733517","0.514111","0.142309","1.711227"
"40","260","521.529828","0.511164","0.130893","1.723701"
"50","260","505.390888","0.509501","0.120588","1.736846"
"60","260","490.220818","0.509165","0.111222","1.75088"
"70","260","475.934913","0.510223","0.102655","1.765981"
"80","260","462.458065","0.512766","0.09478","1.78224"
"90","260","449.723435","0.516907","0.087511","1.799585"
"100","260","437.671353","0.522778","0.080789","1.817684"
"110","260","426.248377","0.530522","0.074574","1.835821"
"120","260","415.4065","0.540276","0.068844","1.852786"
"130","260","405.102482","0.552143","0.063594","1.866849"
"140","260","395.297266","0.56616","0.058831","1.875902"
"150","260","385.95549","0.582265","0.054564","1.877812"
"160","260","377.045055","0.600268","0.050801","1.870889"
"-100","270","979.348003","0.717386","0.630922","1.53595"
"-90","270","925.875549","0.689645","0.53655","1.551858"
"-80","270","877.939978","0.665203","0.462609","1.567254"
"-70","270","834.723636","0.643616","0.403218","1.582124"
"-60","270","795.562312","0.624532","0.354598","1.596449"
"-50","270","759.910852","0.607663","0.314203","1.610216"
"-40","270","727.317636","0.592776","0.280241","1.623425"
"-30","270","697.405333","0.579684","0.251402","1.636094"
"-20","270","669.856238","0.568235","0.226703","1.648262"
"-10","270","644.400938","0.558308","0.205381","1.659997"
"0","270","620.80947","0.549809","0.186836","1.671393"
"10","270","598.884361","0.542668","0.170588","1.682571"
"20","270","578.45508","0.536838","0.156247","1.693683"
"30","270","559.3736","0.532289","0.143496","1.704899"
"40","270","541.510799","0.529016","0.132076","1.716412"
"50","270","524.753541","0.527031","0.121775","1.728418"
"60","270","509.002271","0.526369","0.11242","1.7411"
"70","270","494.169042","0.527084","0.103872","1.754607"
"80","270","480.175865","0.529252","0.096021","1.769002"
"90","270","466.953344","0.532969","0.088783","1.78421"
"100","270","454.43952","0.538346","0.082095","1.799935"
"110","270","442.578903","0.545502","0.075914","1.815565"
"120","270","431.32165","0.55455","0.070217","1.830098"
"130","270","420.622862","0.565576","0.064993","1.84211"
"140","270","410.441986","0.578608","0.060243","1.849872"
"150","270","400.742306","0.593595","0.055972","1.851604"
"160","270","391.490492","0.610379","0.052185","1.845842"
"-100","280","1015.484539","0.743375","0.633825","1.534766"
"-90","280","960.039028","0.714582","0.539011","1.550507"
"-80","280","910.334703","0.689204","0.464755","1.565719"
"-70","280","865.523741","0.666782","0.405131","1.580384"
"-60","280","824.917419","0.646949","0.356336","1.59448"
"-50","280","787.950472","0.629406","0.315805","1.607991"
"-40","280","754.154612","0.613911","0.281735","1.620913"
"-30","280","723.138589","0.600267","0.252811","1.633257"
"-20","280","694.572972","0.588317","0.228044","1.645057"
"-10","280","668.178407","0.577932","0.206668","1.656371"
"0","280","643.716448","0.569012","0.188081","1.667284"
"10","280","620.982334","0.561483","0.171801","1.677904"
"20","280","599.799242","0.555289","0.157437","1.688366"
"30","280","580.013683","0.550397","0.144673","1.698825"
"40","280","561.49177","0.546793","0.133246","1.709449"
"50","280","544.116193","0.544483","0.122946","1.720409"
"60","280","527.783725","0.543492","0.1136","1.731864"
"70","280","512.40317","0.543864","0.105067","1.743935"
"80","280","497.893665","0.545662","0.097237","1.75667"
"90","280","484.183252","0.548965","0.090025","1.769992"
"100","280","471.207686","0.553867","0.083365","1.783639"
"110","280","458.909429","0.560466","0.077215","1.797089"
"120","280","447.2368","0.568857","0.071546","1.8095"
"130","280","436.143242","0.579107","0.066343","1.819698"
"140","280","425.586707","0.591239","0.061605","1.826249"
"150","280","415.529122","0.605209","0.057331","1.827665"
"160","280","405.93593","0.620882","0.053523","1.822676"
"-100","290","1051.621075","0.769335","0.636734","1.533595"
"-90","290","994.202507","0.739486","0.541477","1.549173"
"-80","290","942.729428","0.713171","0.466903","1.564205"
"-70","290","896.323845","0.689912","0.407046","1.578669"
"-60","290","854.272527","0.669327","0.358073","1.592543"
"-50","290","815.990092","0.651108","0.317405","1.605806"
"-40","290","780.991589","0.635002","0.283227","1.618449"
"-30","290","748.871845","0.620804","0.254217","1.63048"
"-20","290","719.289706","0.608349","0.22938","1.641927"
"-10","290","691.955877","0.597503","0.207949","1.652839"
"0","290","666.623427","0.588159","0.189319","1.663292"
"10","290","643.080308","0.580236","0.173006","1.673384"
"20","290","621.143405","0.573675","0.158619","1.683237"
"30","290","600.653766","0.568435","0.145839","1.692988"
"40","290","581.472742","0.564498","0.134404","1.702787"
"50","290","563.478846","0.56186","0.124104","1.712786"
"60","290","546.565178","0.560538","0.114763","1.723122"
"70","290","530.637299","0.560567","0.106242","1.733896"
"80","290","515.611466","0.561998","0.09843","1.745144"
"90","290","501.41316","0.564896","0.091239","1.756793"
"100","290","487.975852","0.569339","0.084605","1.768611"
"110","290","475.239956","0.575409","0.07848","1.780151"
"120","290","463.15195","0.583181","0.072834","1.790704"
"130","290","451.663622","0.592711","0.06765","1.799291"
"140","290","440.731427","0.604016","0.062921","1.804719"
"150","290","430.315938","0.617053","0.058644","1.805735"
"160","290","420.381367","0.631708","0.054818","1.801241"
"-100","300","1087.757611","0.795263","0.639651","1.532437"
"-90","300","1028.365986","0.764359","0.543947","1.547855"
"-80","300","975.124154","0.737104","0.469054","1.56271"
"-70","300","927.123949","0.713006","0.408962","1.576979"
"-60","300","883.627634","0.691669","0.359811","1.590636"
"-50","300","844.029712","0.672771","0.319003","1.603657"
"-40","300","807.828566","0.656051","0.284716","1.616032"
"-30","300","774.605101","0.641296","0.255619","1.627761"
"-20","300","744.00644","0.628334","0.230713","1.638868"
"-10","300","715.733347","0.617022","0.209226","1.649396"
"0","300","689.530406","0.607251","0.190552","1.659412"
"10","300","665.178281","0.598931","0.174205","1.669004"
"20","300","642.487567","0.591999","0.159792","1.678282"
"30","300","621.293849","0.586408","0.146995","1.687371"
"40","300","601.453713","0.582132","0.135551","1.696405"
"50","300","582.841499","0.579163","0.125247","1.705518"
"60","300","565.346631","0.577509","0.11591","1.714831"
"70","300","548.871427","0.577195","0.107398","1.72443"
"80","300","533.329266","0.578262","0.0996","1.734342"
"90","300","518.643068","0.580763","0.092428","1.744499"
"100","300","504.744018","0.584761","0.085815","1.754698"
"110","300","491.570482","0.590324","0.079712","1.764555"
"120","300","479.0671","0.597512","0.074086","1.773471"
"130","300","467.184002","0.606369","0.068918","1.780623"
"140","300","455.876147","0.616906","0.064197","1.785015"
"150","300","445.102754","0.629083","0.059917","1.785586"
"160","300","434.826804","0.6428","0.056075","1.781387"
"-100","310","1123.894146","0.821162","0.642574","1.531292"
"-90","310","1062.529465","0.7892","0.546421","1.546553"
"-80","310","1007.518879","0.761004","0.471208","1.561234"
"-70","310","957.924053","0.736065","0.410878","1.575313"
"-60","310","912.982742","0.713973","0.361548","1.588758"
"-50","310","872.069332","0.694394","0.320601","1.601546"
"-40","310","834.665543","0.677058","0.286204","1.613659"
"-30","310","800.338357","0.661744","0.257019","1.625098"
"-20","310","768.723174","0.64827","0.232042","1.635878"
"-10","310","739.510817","0.636491","0.210498","1.646038"
"0","310","712.437384","0.626288","0.191779","1.655637"
"10","310","687.276254","0.617569","0.175397","1.664756"
"20","310","663.831729","0.610261","0.160958","1.673494"
"30","310","641.933932","0.604315","0.148141","1.681963"
"40","310","621.434685","0.599698","0.136686","1.690284"
"50","310","602.204151","0.596395","0.126378","1.698579"
"60","310","584.128085","0.594407","0.117042","1.706954"
"70","310","567.105556","0.593751","0.108537","1.715484"
"80","310","551.047066","0.594457","0.100751","1.72419"
"90","310","535.872977","0.596567","0.093594","1.733012"
"100","310","521.512184","0.600133","0.086998","1.741771"
"110","310","507.901009","0.605208","0.080914","1.750138"
"120","310","494.98225","0.611842","0.075305","1.757603"
"130","310","482.704382","0.620066","0.07015","1.763475"
"140","310","471.020868","0.629887","0.065435","1.766913"
"150","310","459.88957","0.641266","0.061152","1.767019"
"160","310","449.272242","0.654113","0.057295","1.762972"
"-100","320","1160.030682","0.84703","0.645503","1.53016"
"-90","320","1096.692944","0.81401","0.5489","1.545266"
"-80","320","1039.913604","0.784872","0.473364","1.559778"
"-70","320","988.724158","0.75909","0.412796","1.57367"
"-60","320","942.33785","0.73624","0.363285","1.58691"
"-50","320","900.108952","0.715978","0.322198","1.59947"
"-40","320","861.50252","0.698024","0.28769","1.611331"
"-30","320","826.071613","0.682147","0.258416","1.622488"
"-20","320","793.439908","0.668161","0.233367","1.632954"
"-10","320","763.288287","0.655911","0.211766","1.642762"
"0","320","735.344363","0.645273","0.193","1.651964"
"10","320","709.374228","0.63615","0.176582","1.660634"
"20","320","685.175892","0.628464","0.162115","1.668861"
"30","320","662.574015","0.62216","0.149279","1.676749"
"40","320","641.415656","0.617199","0.137811","1.684407"
"50","320","621.566804","0.613559","0.127496","1.691945"
"60","320","602.909538","0.611236","0.11816","1.699457"
"70","320","585.339684","0.610237","0.10966","1.707012"
"80","320","568.764867","0.610584","0.101883","1.714627"
"90","320","553.102885","0.61231","0.094738","1.722248"
"100","320","538.28035","0.615454","0.088157","1.729721"
"110","320","524.231535","0.62006","0.082088","1.736762"
"120","320","510.8974","0.626163","0.076494","1.742937"
"130","320","498.224762","0.63379","0.071349","1.747661"
"140","320","486.165588","0.642938","0.066639","1.750224"
"150","320","474.676386","0.653572","0.062352","1.749861"
"160","320","463.717679","0.66561","0.058482","1.745862"
"-100","330","1196.167218","0.87287","0.64844","1.529039"
"-90","330","1130.856423","0.838789","0.551383","1.543994"
"-80","330","1072.308329","0.808707","0.475522","1.55834"
"-70","330","1019.524262","0.78208","0.414715","1.57205"
"-60","330","971.692957","0.758471","0.365022","1.585089"
"-50","330","928.148572","0.737525","0.323794","1.597428"
"-40","330","888.339497","0.71895","0.289173","1.609044"
"-30","330","851.804869","0.702508","0.25981","1.61993"
"-20","330","818.156642","0.688005","0.234689","1.630094"
"-10","330","787.065757","0.675281","0.213029","1.639564"
"0","330","758.251341","0.664206","0.194217","1.648388"
"10","330","731.472201","0.654676","0.177761","1.656631"
"20","330","706.520054","0.646609","0.163266","1.664377"
"30","330","683.214098","0.639944","0.150409","1.671718"
"40","330","661.396627","0.634636","0.138926","1.678757"
"50","330","640.929456","0.630657","0.128604","1.685593"
"60","330","621.690992","0.627997","0.119265","1.692312"
"70","330","603.573813","0.626655","0.110767","1.698974"
"80","330","586.482667","0.626646","0.102997","1.705598"
"90","330","570.332793","0.627993","0.095862","1.712136"
"100","330","555.048516","0.630725","0.089293","1.718454"
"110","330","540.562061","0.634875","0.083237","1.72431"
"120","330","526.812549","0.640471","0.077655","1.729332"
"130","330","513.745142","0.647529","0.072519","1.733025"
"140","330","501.310308","0.656044","0.067811","1.734786"
"150","330","489.463202","0.665979","0.063521","1.733962"
"160","330","478.163116","0.67726","0.059638","1.729937"
"-100","340","1232.303754","0.898679","0.651383","1.527931"
"-90","340","1165.019902","0.863537","0.55387","1.542737"
"-80","340","1104.703055","0.83251","0.477684","1.556921"
"-70","340","1050.324366","0.805037","0.416635","1.570452"
"-60","340","1001.048065","0.780667","0.366759","1.583296"
"-50","340","956.188192","0.759033","0.325389","1.595419"
"-40","340","915.176474","0.739835","0.290656","1.606799"
"-30","340","877.538125","0.722827","0.261202","1.617422"
"-20","340","842.873376","0.707805","0.236008","1.627295"
"-10","340","810.843226","0.694605","0.214289","1.636442"
"0","340","781.15832","0.683089","0.195428","1.644904"
"10","340","753.570175","0.673149","0.178934","1.652742"
"20","340","727.864216","0.664698","0.164409","1.660032"
"30","340","703.854181","0.657668","0.15153","1.666861"
"40","340","681.377599","0.65201","0.140032","1.673321"
"50","340","660.292109","0.647691","0.1297","1.679504"
"60","340","640.472445","0.644692","0.120357","1.68549"
"70","340","621.807941","0.643008","0.11186","1.691334"
"80","340","604.200467","0.642644","0.104094","1.697055"
"90","340","587.562701","0.643616","0.096967","1.702612"
"100","340","571.816682","0.645945","0.090408","1.707891"
"110","340","556.892588","0.649653","0.084363","1.712683"
"120","340","542.727699","0.654761","0.07879","1.716673"
"130","340","529.265522","0.661277","0.07366","1.719436"
"140","340","516.455028","0.669192","0.068955","1.720461"
"150","340","504.250018","0.678469","0.06466","1.71919"
"160","340","492.608554","0.689037","0.060765","1.715086"
"-100","350","1268.44029","0.92446","0.654334","1.526834"
"-90","350","1199.183381","0.888255","0.556362","1.541495"
"-80","350","1137.09778","0.856281","0.479848","1.555519"
"-70","350","1081.124471","0.82796","0.418557","1.568876"
"-60","350","1030.403172","0.802828","0.368497","1.581529"
"-50","350","984.227812","0.780505","0.326983","1.593444"
"-40","350","942.013451","0.760682","0.292136","1.604593"
"-30","350","903.271381","0.743104","0.262591","1.614963"
"-20","350","867.590109","0.727561","0.237323","1.624556"
"-10","350","834.620696","0.713881","0.215544","1.633392"
"0","350","804.065298","0.701923","0.196635","1.641509"
"10","350","775.668148","0.69157","0.180102","1.648961"
"20","350","749.208379","0.682732","0.165546","1.65582"
"30","350","724.494264","0.675335","0.152643","1.662166"
"40","350","701.35857","0.669324","0.141129","1.668084"
"50","350","679.654762","0.664662","0.130786","1.67366"
"60","350","659.253898","0.661324","0.121437","1.678968"
"70","350","640.04207","0.659297","0.112939","1.684061"
"80","350","621.918268","0.658581","0.105176","1.688957"
"90","350","604.79261","0.659182","0.098055","1.693623"
"100","350","588.584848","0.661115","0.091504","1.697963"
"110","350","573.223114","0.664393","0.085466","1.701798"
"120","350","558.642849","0.66903","0.079901","1.704857"
"130","350","544.785902","0.675027","0.074777","1.706781"
"140","350","531.599749","0.68237","0.070072","1.707131"
"150","350","519.036834","0.691024","0.065772","1.70543"
"160","350","507.053991","0.700921","0.061865","1.701213"
"-100","360","1304.576826","0.950213","0.657291","1.525749"
"-90","360","1233.34686","0.912943","0.558859","1.540266"
"-80","360","1169.492505","0.880021","0.482014","1.554135"
"-70","360","1111.924575","0.850851","0.42048","1.567322"
"-60","360","1059.75828","0.824954","0.370234","1.579789"
"-50","360","1012.267432","0.80194","0.328576","1.591499"
"-40","360","968.850428","0.78149","0.293615","1.602426"
"-30","360","929.004637","0.76334","0.263978","1.612551"
"-20","360","892.306843","0.747274","0.238635","1.621874"
"-10","360","858.398166","0.733112","0.216795","1.630411"
"0","360","826.972277","0.720708","0.197836","1.638198"
"10","360","797.766122","0.70994","0.181263","1.645284"
"20","360","770.552541","0.700712","0.166676","1.651734"
"30","360","745.134347","0.692945","0.153749","1.657624"
"40","360","721.339541","0.68658","0.142217","1.663035"
"50","360","699.017414","0.681573","0.131861","1.668045"
"60","360","678.035352","0.677894","0.122506","1.672725"
"70","360","658.276198","0.675524","0.114005","1.677126"
"80","360","639.636068","0.674457","0.106243","1.681266"
"90","360","622.022518","0.674692","0.099126","1.685121"
"100","360","605.353015","0.676235","0.092581","1.688609"
"110","360","589.553641","0.679094","0.086549","1.691579"
"120","360","574.557999","0.683274","0.08099","1.693799"
"130","360","560.306282","0.688772","0.075869","1.694962"
"140","360","546.744469","0.695571","0.071165","1.694694"
"150","360","533.82365","0.703632","0.06686","1.692583"
"160","360","521.499428","0.712894","0.062941","1.688228"
"-100","370","1340.713362","0.975937","0.660255","1.524675"
"-90","370","1267.510339","0.937602","0.56136","1.539052"
"-80","370","1201.887231","0.90373","0.484184","1.552768"
"-70","370","1142.724679","0.873709","0.422405","1.565788"
"-60","370","1089.113388","0.847046","0.371972","1.578073"
"-50","370","1040.307052","0.823339","0.330169","1.589586"
"-40","370","995.687405","0.80226","0.295093","1.600296"
"-30","370","954.737893","0.783536","0.265363","1.610184"
"-20","370","917.023577","0.766944","0.239945","1.619246"
"-10","370","882.175636","0.752298","0.218043","1.627498"
"0","370","849.879255","0.739446","0.199034","1.634968"
"10","370","819.864095","0.72826","0.18242","1.641705"
"20","370","791.896703","0.718639","0.1678","1.647768"
"30","370","765.77443","0.7105","0.154848","1.653229"
"40","370","741.320513","0.703779","0.143297","1.658163"
"50","370","718.380067","0.698425","0.132928","1.662645"
"60","370","696.816805","0.694404","0.123564","1.666742"
"70","370","676.510327","0.691692","0.115059","1.670503"
"80","370","657.353868","0.690275","0.107297","1.673949"
"90","370","639.252426","0.690147","0.100182","1.677064"
"100","370","622.121181","0.691307","0.09364","1.679778"
"110","370","605.884167","0.693756","0.087614","1.681964"
"120","370","590.473149","0.697493","0.082058","1.683424"
"130","370","575.826661","0.70251","0.07694","1.683896"
"140","370","561.889189","0.708786","0.072234","1.683059"
"150","370","548.610466","0.716283","0.067924","1.680562"
"160","370","535.944866","0.72494","0.063993","1.676053"
"-100","380","1376.849898","1.001632","0.663227","1.523613"
"-90","380","1301.673818","0.962231","0.563866","1.537852"
"-80","380","1234.281956","0.927408","0.486356","1.551417"
"-70","380","1173.524783","0.896534","0.424331","1.564275"
"-60","380","1118.468495","0.869104","0.373711","1.576383"
"-50","380","1068.346672","0.844703","0.331762","1.587703"
"-40","380","1022.524382","0.822992","0.296569","1.598202"
"-30","380","980.471149","0.803693","0.266746","1.60786"
"-20","380","941.740311","0.786573","0.241251","1.616672"
"-10","380","905.953106","0.771441","0.219287","1.624648"
"0","380","872.786234","0.758137","0.200227","1.631816"
"10","380","841.962069","0.746532","0.183572","1.63822"
"20","380","813.240866","0.736516","0.168918","1.643916"
"30","380","786.414513","0.728002","0.15594","1.648971"
"40","380","761.301484","0.720922","0.144368","1.653457"
"50","380","737.742719","0.71522","0.133985","1.657445"
"60","380","715.598258","0.710856","0.124612","1.661"
"70","380","694.744455","0.707801","0.116102","1.66417"
"80","380","675.071669","0.706036","0.108337","1.666979"
"90","380","656.482334","0.705547","0.101223","1.669415"
"100","380","638.889347","0.706329","0.094683","1.671423"
"110","380","622.214693","0.708377","0.08866","1.672896"
"120","380","606.388299","0.711683","0.083107","1.673666"
"130","380","591.347041","0.716235","0.07799","1.673509"
"140","380","577.03391","0.722009","0.073282","1.672151"
"150","380","563.397282","0.728966","0.068966","1.669288"
"160","380","550.390303","0.737047","0.065024","1.664616"
"-100","390","1412.986433","1.0273","0.666205","1.522561"
"-90","390","1335.837297","0.986831","0.566377","1.536664"
"-80","390","1266.676681","0.951056","0.488532","1.550083"
"-70","390","1204.324888","0.919328","0.426258","1.562781"
"-60","390","1147.823603","0.891129","0.37545","1.574716"
"-50","390","1096.386291","0.866031","0.333354","1.585848"
"-40","390","1049.361359","0.843688","0.298044","1.596144"
"-30","390","1006.204404","0.823811","0.268126","1.60558"
"-20","390","966.457045","0.806161","0.242555","1.614149"
"-10","390","929.730576","0.79054","0.220528","1.621861"
"0","390","895.693212","0.776783","0.201416","1.628739"
"10","390","864.060042","0.764755","0.184718","1.634825"
"20","390","834.585028","0.754342","0.170031","1.640172"
"30","390","807.054597","0.745452","0.157025","1.644843"
"40","390","781.282456","0.738011","0.145433","1.648908"
"50","390","757.105372","0.731959","0.135034","1.652434"
"60","390","734.379712","0.727252","0.12565","1.655484"
"70","390","712.978584","0.723854","0.117133","1.658106"
"80","390","692.789469","0.721741","0.109365","1.660327"
"90","390","673.712243","0.720895","0.10225","1.662141"
"100","390","655.657513","0.721305","0.095712","1.663504"
"110","390","638.54522","0.722958","0.08969","1.664328"
"120","390","622.303449","0.725844","0.084138","1.66447"
"130","390","606.867421","0.729945","0.079021","1.663739"
"140","390","592.17863","0.735235","0.074311","1.661901"
"150","390","578.184098","0.741674","0.069987","1.658694"
"160","390","564.83574","0.749205","0.066034","1.653854"
"-100","400","1449.122969","1.05294","0.669191","1.521521"
"-90","400","1370.000776","1.011403","0.568892","1.535491"
"-80","400","1299.071406","0.974673","0.49071","1.548765"
"-70","400","1235.124992","0.942091","0.428188","1.561307"
"-60","400","1177.17871","0.91312","0.377189","1.573073"
"-50","400","1124.425911","0.887325","0.334945","1.584023"
"-40","400","1076.198336","0.864347","0.299518","1.594119"
"-30","400","1031.93766","0.84389","0.269505","1.60334"
"-20","400","991.173779","0.825708","0.243856","1.611676"
"-10","400","953.508045","0.809597","0.221765","1.619133"
"0","400","918.600191","0.795385","0.202601","1.625734"
"10","400","886.158016","0.782932","0.18586","1.631516"
"20","400","855.92919","0.772119","0.171138","1.636531"
"30","400","827.69468","0.762851","0.158104","1.64084"
"40","400","801.263427","0.755047","0.14649","1.644507"
"50","400","776.468025","0.748644","0.136075","1.6476"
"60","400","753.161165","0.743592","0.126679","1.65018"
"70","400","731.212712","0.739851","0.118154","1.652294"
"80","400","710.507269","0.737392","0.110381","1.653971"
"90","400","690.942151","0.736192","0.103264","1.655213"
"100","400","672.425679","0.736233","0.096725","1.655985"
"110","400","654.875746","0.7375","0.090704","1.656216"
"120","400","638.218599","0.739975","0.085152","1.655784"
"130","400","622.387801","0.743638","0.080034","1.654529"
"140","400","607.32335","0.74846","0.07532","1.652249"
"150","400","592.970914","0.754401","0.07099","1.648719"
"160","400","579.281178","0.761403","0.067026","1.643711"
"-100","410","1485.259505","1.078553","0.672184","1.520491"
"-90","410","1404.164255","1.035945","0.571412","1.53433"
"-80","410","1331.466132","0.998262","0.492892","1.547463"
"-70","410","1265.925096","0.964823","0.430118","1.559852"
"-60","410","1206.533818","0.93508","0.378929","1.571453"
"-50","410","1152.465531","0.908585","0.336536","1.582224"
"-40","410","1103.035313","0.884971","0.300991","1.592129"
"-30","410","1057.670916","0.863932","0.270882","1.601141"
"-20","410","1015.890513","0.845216","0.245155","1.609251"
"-10","410","977.285515","0.828612","0.222999","1.616462"
"0","410","941.507169","0.813943","0.203782","1.622797"
"10","410","908.255989","0.801063","0.186998","1.62829"
"20","410","877.273353","0.789849","0.17224","1.632989"
"30","410","848.334763","0.7802","0.159177","1.636954"
"40","410","821.244398","0.772032","0.14754","1.640247"
"50","410","795.830677","0.765276","0.137108","1.642934"
"60","410","771.942618","0.759879","0.127699","1.645074"
"70","410","749.446841","0.755795","0.119165","1.646715"
"80","410","728.22507","0.752991","0.111386","1.647889"
"90","410","708.172059","0.751438","0.104266","1.648604"
"100","410","689.193845","0.751115","0.097725","1.648834"
"110","410","671.206273","0.752001","0.091703","1.648521"
"120","410","654.133749","0.754075","0.086151","1.647566"
"130","410","637.908181","0.757312","0.08103","1.64583"
"140","410","622.46807","0.761681","0.076312","1.643143"
"150","410","607.75773","0.76714","0.071975","1.639311"
"160","410","593.726615","0.773635","0.067999","1.634135"
"-100","420","1521.396041","1.104139","0.675184","1.519471"
"-90","420","1438.327734","1.06046","0.573937","1.533181"
"-80","420","1363.860857","1.02182","0.495076","1.546176"
"-70","420","1296.725201","0.987524","0.432051","1.558415"
"-60","420","1235.888926","0.957007","0.38067","1.569856"
"-50","420","1180.505151","0.929812","0.338127","1.580453"
"-40","420","1129.87229","0.905559","0.302463","1.59017"
"-30","420","1083.404172","0.883937","0.272257","1.59898"
"-20","420","1040.607247","0.864685","0.246451","1.606872"
"-10","420","1001.062985","0.847586","0.224231","1.613847"
"0","420","964.414148","0.832458","0.20496","1.619926"
"10","420","930.353963","0.819149","0.188131","1.625142"
"20","420","898.617515","0.807532","0.173336","1.629541"
"30","420","868.974846","0.7975","0.160244","1.63318"
"40","420","841.22537","0.788966","0.148584","1.636121"
"50","420","815.19333","0.781857","0.138133","1.638425"
"60","420","790.724072","0.776113","0.12871","1.640154"
"70","420","767.680969","0.771687","0.120166","1.641355"
"80","420","745.94287","0.768538","0.112381","1.642064"
"90","420","725.401968","0.766636","0.105256","1.642291"
"100","420","705.962011","0.765952","0.098713","1.642023"
"110","420","687.536799","0.766463","0.092689","1.641212"
"120","420","670.048899","0.768142","0.087134","1.639776"
"130","420","653.428561","0.770964","0.08201","1.637599"
"140","420","637.612791","0.774893","0.077288","1.634536"
"150","420","622.544546","0.779888","0.072942","1.630421"
"160","420","608.172052","0.785893","0.068956","1.625082"
"-100","430","1557.532577","1.129697","0.678191","1.518462"
"-90","430","1472.491213","1.084947","0.576467","1.532045"
"-80","430","1396.255582","1.04535","0.497264","1.544904"
"-70","430","1327.525305","1.010194","0.433985","1.556997"
"-60","430","1265.244033","0.978903","0.382412","1.56828"
"-50","430","1208.544771","0.951005","0.339718","1.578708"
"-40","430","1156.709267","0.926112","0.303934","1.588243"
"-30","430","1109.137428","0.903905","0.273631","1.596857"
"-20","430","1065.323981","0.884116","0.247745","1.604538"
"-10","430","1024.840455","0.86652","0.225459","1.611286"
"0","430","987.321126","0.850931","0.206133","1.617119"
"10","430","952.451936","0.837192","0.18926","1.62207"
"20","430","919.961677","0.825169","0.174428","1.626184"
"30","430","889.614929","0.814753","0.161306","1.629513"
"40","430","861.206341","0.805852","0.149621","1.63212"
"50","430","834.555982","0.798387","0.139151","1.634065"
"60","430","809.505525","0.792297","0.129713","1.635408"
"70","430","785.915097","0.787527","0.121159","1.6362"
"80","430","763.66067","0.784035","0.113365","1.636476"
"90","430","742.631876","0.781785","0.106235","1.636254"
"100","430","722.730177","0.780744","0.099688","1.635526"
"110","430","703.867325","0.780885","0.093661","1.634256"
"120","430","685.964049","0.782178","0.088103","1.632379"
"130","430","668.948941","0.784594","0.082976","1.629797"
"140","430","652.757511","0.788095","0.078248","1.626387"
"150","430","637.331362","0.792639","0.073894","1.622008"
"160","430","622.61749","0.798172","0.069897","1.616509"
"-100","440","1593.669113","1.15523","0.681206","1.517462"
"-90","440","1506.654692","1.109406","0.579001","1.530922"
"-80","440","1428.650307","1.068851","0.499455","1.543647"
"-70","440","1358.325409","1.032835","0.435922","1.555597"
"-60","440","1294.599141","1.000767","0.384154","1.566726"
"-50","440","1236.584391","0.972165","0.341309","1.576989"
"-40","440","1183.546244","0.946632","0.305403","1.586346"
"-30","440","1134.870684","0.923838","0.275003","1.594771"
"-20","440","1090.040715","0.903509","0.249037","1.602247"
"-10","440","1048.617925","0.885415","0.226685","1.608776"
"0","440","1010.228105","0.869363","0.207304","1.614374"
"10","440","974.54991","0.855191","0.190385","1.619071"
"20","440","941.30584","0.842761","0.175515","1.622912"
"30","440","910.255012","0.83196","0.162362","1.625948"
"40","440","881.187312","0.822689","0.150652","1.628239"
"50","440","853.918635","0.814869","0.140162","1.629846"
"60","440","828.286978","0.808431","0.130709","1.630828"
"70","440","804.149226","0.803318","0.122142","1.631237"
"80","440","781.378471","0.799483","0.11434","1.631111"
"90","440","759.861784","0.796887","0.107203","1.630472"
"100","440","739.498344","0.795492","0.100652","1.629319"
"110","440","720.197852","0.795268","0.09462","1.627628"
"120","440","701.879198","0.796182","0.089059","1.625345"
"130","440","684.469321","0.7982","0.083927","1.62239"
"140","440","667.902231","0.801285","0.079193","1.61866"
"150","440","652.118178","0.805391","0.074832","1.614033"
"160","440","637.062927","0.810467","0.070823","1.60838"
"-100","450","1629.805649","1.180735","0.684228","1.516473"
"-90","450","1540.818171","1.133838","0.581541","1.52981"
"-80","450","1461.045033","1.092323","0.501649","1.542404"
"-70","450","1389.125513","1.055446","0.43786","1.554214"
"-60","450","1323.954248","1.0226","0.385897","1.565192"
"-50","450","1264.624011","0.993293","0.3429","1.575294"
"-40","450","1210.383221","0.967117","0.306873","1.584479"
"-30","450","1160.60394","0.943735","0.276374","1.592719"
"-20","450","1114.757448","0.922865","0.250327","1.599998"
"-10","450","1072.395395","0.904271","0.227907","1.606316"
"0","450","1033.135084","0.887754","0.208471","1.611687"
"10","450","996.647883","0.873148","0.191506","1.616142"
"20","450","962.650002","0.86031","0.176598","1.619722"
"30","450","930.895095","0.849121","0.163413","1.622479"
"40","450","901.168284","0.83948","0.151677","1.624472"
"50","450","873.281288","0.831302","0.141167","1.62576"
"60","450","847.068432","0.824516","0.131697","1.626404"
"70","450","822.383354","0.81906","0.123118","1.626454"
"80","450","799.096271","0.814884","0.115306","1.625954"
"90","450","777.091692","0.811943","0.108162","1.624928"
"100","450","756.26651","0.810197","0.101604","1.623383"
"110","450","736.528378","0.809612","0.095568","1.621303"
"120","450","717.794348","0.810152","0.090002","1.618646"
"130","450","699.989701","0.811781","0.084865","1.615347"
"140","450","683.046952","0.814459","0.080125","1.61132"
"150","450","666.904994","0.818141","0.075754","1.606462"
"160","450","651.508364","0.822772","0.071734","1.600662"
"-100","460","1665.942185","1.206215","0.687257","1.515493"
"-90","460","1574.98165","1.158242","0.584086","1.52871"
"-80","460","1493.439758","1.115768","0.503846","1.541176"
"-70","460","1419.925618","1.078027","0.4398","1.552848"
"-60","460","1353.309356","1.044403","0.387641","1.563679"
"-50","460","1292.663631","1.014389","0.34449","1.573624"
"-40","460","1237.220198","0.987569","0.308341","1.582642"
"-30","460","1186.337196","0.963597","0.277743","1.590702"
"-20","460","1139.474182","0.942184","0.251614","1.59779"
"-10","460","1096.172864","0.923089","0.229128","1.603904"
"0","460","1056.042062","0.906106","0.209635","1.609058"
"10","460","1018.745856","0.891063","0.192623","1.61328"
"20","460","983.994164","0.877815","0.177676","1.616611"
"30","460","951.535178","0.866237","0.164459","1.619103"
"40","460","921.149255","0.856225","0.152697","1.620813"
"50","460","892.64394","0.847689","0.142165","1.621801"
"60","460","865.849885","0.840554","0.132678","1.622126"
"70","460","840.617483","0.834755","0.124085","1.621842"
"80","460","816.814071","0.830238","0.116263","1.620992"
"90","460","794.321601","0.826953","0.10911","1.619607"
"100","460","773.034676","0.82486","0.102546","1.617699"
"110","460","752.858904","0.823919","0.096505","1.615259"
"120","460","733.709498","0.82409","0.090934","1.612257"
"130","460","715.510081","0.825337","0.085791","1.608641"
"140","460","698.191672","0.827617","0.081043","1.604339"
"150","460","681.69181","0.830885","0.076664","1.599264"
"160","460","665.953802","0.835085","0.072632","1.593323"
"-100","470","1702.07872","1.231668","0.690294","1.514523"
"-90","470","1609.145129","1.18262","0.586636","1.527622"
"-80","470","1525.834483","1.139184","0.506047","1.539961"
"-70","470","1450.725722","1.10058","0.441742","1.551498"
"-60","470","1382.664464","1.066175","0.389386","1.562186"
"-50","470","1320.703251","1.035453","0.346081","1.571977"
"-40","470","1264.057175","1.007988","0.309809","1.580832"
"-30","470","1212.070452","0.983425","0.279111","1.588719"
"-20","470","1164.190916","0.961468","0.2529","1.595622"
"-10","470","1119.950334","0.941869","0.230345","1.601539"
"0","470","1078.949041","0.924418","0.210796","1.606483"
"10","470","1040.84383","0.908938","0.193736","1.610482"
"20","470","1005.338327","0.895278","0.17875","1.613576"
"30","470","972.175261","0.88331","0.1655","1.615816"
"40","470","941.130227","0.872925","0.153711","1.617257"
"50","470","912.006593","0.86403","0.143157","1.617961"
"60","470","884.631339","0.856545","0.133652","1.617987"
"70","470","858.851611","0.850403","0.125045","1.617389"
"80","470","834.531872","0.845546","0.117211","1.616214"
"90","470","811.551509","0.84192","0.11005","1.614495"
"100","470","789.802842","0.839481","0.103479","1.612249"
"110","470","769.189431","0.838187","0.097431","1.609476"
"120","470","749.624648","0.837996","0.091854","1.606156"
"130","470","731.030461","0.838868","0.086704","1.602246"
"140","470","713.336392","0.840758","0.081949","1.59769"
"150","470","696.478626","0.843621","0.077561","1.592413"
"160","470","680.399239","0.847403","0.073518","1.586337"
"-100","480","1738.215256","1.257096","0.693338","1.513563"
"-90","480","1643.308608","1.206971","0.58919","1.526545"
"-80","480","1558.229208","1.162573","0.508251","1.53876"
"-70","480","1481.525826","1.123104","0.443686","1.550165"
"-60","480","1412.019571","1.087918","0.391132","1.560712"
"-50","480","1348.742871","1.056487","0.347672","1.570354"
"-40","480","1290.894152","1.028374","0.311276","1.57905"
"-30","480","1237.803708","1.003218","0.280477","1.586768"
"-20","480","1188.90765","0.980716","0.254184","1.593492"
"-10","480","1143.727804","0.960612","0.231561","1.599219"
"0","480","1101.856019","0.942692","0.211954","1.603961"
"10","480","1062.941803","0.926773","0.194847","1.607746"
"20","480","1026.682489","0.9127","0.17982","1.610614"
"30","480","992.815344","0.90034","0.166537","1.612613"
"40","480","961.111198","0.889581","0.15472","1.6138"
"50","480","931.369245","0.880326","0.144143","1.614236"
"60","480","903.412792","0.872492","0.13462","1.61398"
"70","480","877.08574","0.866007","0.125998","1.613088"
"80","480","852.249672","0.860809","0.118152","1.611608"
"90","480","828.781417","0.856844","0.110981","1.609578"
"100","480","806.571008","0.854062","0.104401","1.607019"
"110","480","785.519957","0.852418","0.098347","1.603938"
"120","480","765.539798","0.851869","0.092763","1.600322"
"130","480","746.550841","0.852371","0.087606","1.596141"
"140","480","728.481112","0.853881","0.082843","1.591348"
"150","480","711.265442","0.856348","0.078446","1.585883"
"160","480","694.844676","0.859721","0.074391","1.579679"
"-100","490","1774.351792","1.282499","0.69639","1.512611"
"-90","490","1677.472087","1.231296","0.59175","1.525479"
"-80","490","1590.623934","1.185934","0.510458","1.537573"
"-70","490","1512.325931","1.145599","0.445632","1.548848"
"-60","490","1441.374679","1.109631","0.392878","1.559258"
"-50","490","1376.782491","1.077489","0.349263","1.568754"
"-40","490","1317.731129","1.048729","0.312742","1.577294"
"-30","490","1263.536964","1.022979","0.281843","1.584849"
"-20","490","1213.624384","0.999929","0.255466","1.591399"
"-10","490","1167.505274","0.979319","0.232774","1.596942"
"0","490","1124.762998","0.960928","0.213109","1.60149"
"10","490","1085.039777","0.944569","0.195953","1.60507"
"20","490","1048.026651","0.930081","0.180886","1.607721"
"30","490","1013.455427","0.917328","0.167569","1.60949"
"40","490","981.092169","0.906194","0.155724","1.610436"
"50","490","950.731898","0.896578","0.145123","1.610618"
"60","490","922.194245","0.888394","0.135581","1.610097"
"70","490","895.319868","0.881566","0.126943","1.608929"
"80","490","869.967472","0.876029","0.119085","1.607164"
"90","490","846.011325","0.871725","0.111903","1.604844"
"100","490","823.339174","0.868602","0.105315","1.601994"
"110","490","801.850484","0.866612","0.099253","1.598627"
"120","490","781.454948","0.865709","0.093661","1.594738"
"130","490","762.071221","0.865848","0.088498","1.590305"
"140","490","743.625833","0.866983","0.083726","1.585292"
"150","490","726.052258","0.869064","0.079319","1.579651"
"160","490","709.290114","0.872038","0.075253","1.573326"
"-100","500","1810.488328","1.307876","0.69945","1.511669"
"-90","500","1711.635566","1.255595","0.594316","1.524425"
"-80","500","1623.018659","1.209269","0.512669","1.536398"
"-70","500","1543.126035","1.168067","0.44758","1.547547"
"-60","500","1470.729787","1.131315","0.394626","1.557822"
"-50","500","1404.822111","1.098461","0.350854","1.567175"
"-40","500","1344.568106","1.069051","0.314208","1.575565"
"-30","500","1289.27022","1.042706","0.283207","1.58296"
"-20","500","1238.341118","1.019108","0.256747","1.589342"
"-10","500","1191.282744","0.997991","0.233985","1.594708"
"0","500","1147.669976","0.979127","0.214262","1.599069"
"10","500","1107.13775","0.962326","0.197057","1.602452"
"20","500","1069.370814","0.947422","0.181949","1.604894"
"30","500","1034.09551","0.934276","0.168597","1.606446"
"40","500","1001.073141","0.922766","0.156723","1.607162"
"50","500","970.09455","0.912788","0.146098","1.607104"
"60","500","940.975699","0.904253","0.136536","1.606332"
"70","500","913.553997","0.897081","0.127882","1.604905"
"80","500","887.685273","0.891206","0.12001","1.602874"
"90","500","863.241234","0.886564","0.112818","1.600282"
"100","500","840.10734","0.883103","0.10622","1.597161"
"110","500","818.18101","0.88077","0.10015","1.593529"
"120","500","797.370098","0.879517","0.09455","1.589386"
"130","500","777.591601","0.879299","0.089379","1.58472"
"140","500","758.770553","0.880065","0.084599","1.579503"
"150","500","740.839074","0.881768","0.080181","1.573698"
"160","500","723.735551","0.884352","0.076104","1.567257"
"-100","0","3.661534","0.002734","0.554825","1.574036"
"-90","0","3.461615","0.002634","0.47144","1.596097"
"-80","0","3.282396","0.002547","0.405293","1.618587"
"-70","0","3.120821","0.002472","0.351589","1.641708"
"-60","0","2.974406","0.002407","0.307211","1.665726"
"-50","0","2.841114","0.959448","0.009331","1.324999"
"-40","0","2.719257","0.966862","0.009774","1.311123"
"-30","0","2.607422","0.972368","0.010215","1.299322"
"-20","0","2.504423","0.976625","0.010655","1.288963"
"-10","0","2.409252","0.979996","0.011094","1.279648"
"0","0","2.32105","0.982716","0.01153","1.271119"
"10","0","2.239077","0.984943","0.011965","1.263205"
"20","0","2.162697","0.986789","0.012398","1.255797"
"30","0","2.091356","0.988337","0.012828","1.248817"
"40","0","2.024572","0.989648","0.013256","1.242216"
"50","0","1.961921","0.990768","0.013681","1.235956"
"60","0","1.903031","0.991733","0.014103","1.230011"
"70","0","1.847573","0.992569","0.014522","1.22436"
"80","0","1.795256","0.9933","0.014938","1.218987"
"90","0","1.74582","0.993942","0.015351","1.213877"
"100","0","1.699034","0.994508","0.015761","1.209016"
"110","0","1.654691","0.995011","0.016167","1.204394"
"120","0","1.612603","0.995458","0.01657","1.199998"
"130","0","1.572603","0.995859","0.01697","1.195817"
"140","0","1.534539","0.996218","0.017366","1.191841"
"150","0","1.498274","0.996542","0.017759","1.188059"
"160","0","1.463684","0.996835","0.018148","1.18446"
"-100","1","7.275188","0.005432","0.555099","1.573869"
"-90","1","6.877962","0.005234","0.471678","1.595898"
"-80","1","6.521868","0.005061","0.405504","1.618352"
"-70","1","6.200831","0.004911","0.351782","1.641428"
"-60","1","5.909917","0.004782","0.30739","1.665391"
"-50","1","5.645076","0.004671","0.270191","1.690613"
"-40","1","5.402954","0.004578","0.238649","1.717631"
"-30","1","5.180748","0.94343","0.010192","1.333374"
"-20","1","4.976096","0.952532","0.010638","1.316416"
"-10","1","4.786999","0.959576","0.011081","1.302256"
"0","1","4.611747","0.965188","0.011521","1.29004"
"10","1","4.448875","0.969747","0.011959","1.279249"
"20","1","4.297113","0.973507","0.012395","1.269548"
"30","1","4.155365","0.976647","0.012828","1.260711"
"40","1","4.022669","0.979297","0.013257","1.252585"
"50","1","3.898186","0.981556","0.013684","1.245058"
"60","1","3.781176","0.983498","0.014108","1.238048"
"70","1","3.670986","0.985179","0.014528","1.231497"
"80","1","3.567036","0.986644","0.014946","1.225354"
"90","1","3.468811","0.987929","0.01536","1.219583"
"100","1","3.375851","0.989063","0.01577","1.214151"
"110","1","3.287743","0.990067","0.016177","1.209031"
"120","1","3.204118","0.990961","0.016581","1.204201"
"130","1","3.12464","0.991761","0.016981","1.199639"
"140","1","3.049011","0.992478","0.017377","1.195326"
"150","1","2.976956","0.993123","0.017771","1.191246"
"160","1","2.908228","0.993706","0.01816","1.187383"
"-100","2","10.888842","0.00813","0.555374","1.573701"
"-90","2","10.29431","0.007833","0.471915","1.5957"
"-80","2","9.761341","0.007574","0.405716","1.618118"
"-70","2","9.280841","0.00735","0.351974","1.641149"
"-60","2","8.845428","0.007156","0.307569","1.665058"
"-50","2","8.449038","0.00699","0.27036","1.690211"
"-40","2","8.086652","0.006851","0.238812","1.717141"
"-30","2","7.754073","0.006737","0.211775","1.746625"
"-20","2","7.44777","0.927154","0.010622","1.348387"
"-10","2","7.164746","0.938365","0.01107","1.327781"
"0","2","6.902445","0.947136","0.011514","1.310949"
"10","2","6.658672","0.954188","0.011955","1.296695"
"20","2","6.43153","0.959965","0.012393","1.284315"
"30","2","6.219373","0.964768","0.012828","1.273357"
"40","2","6.020766","0.968807","0.01326","1.263519"
"50","2","5.834451","0.972241","0.013689","1.25459"
"60","2","5.659321","0.975184","0.014114","1.246419"
"70","2","5.494399","0.977729","0.014536","1.238893"
"80","2","5.338816","0.979943","0.014954","1.231926"
"90","2","5.191802","0.981883","0.015369","1.225451"
"100","2","5.052668","0.983591","0.01578","1.219415"
"110","2","4.920796","0.985104","0.016188","1.213773"
"120","2","4.795633","0.986449","0.016592","1.208488"
"130","2","4.676678","0.987651","0.016992","1.203529"
"140","2","4.563483","0.988728","0.017389","1.198867"
"150","2","4.455637","0.989698","0.017783","1.194479"
"160","2","4.352771","0.990573","0.018173","1.190343"
"-100","3","14.502495","0.010827","0.555649","1.573534"
"-90","3","13.710658","0.010431","0.472152","1.595503"
"-80","3","13.000813","0.010087","0.405927","1.617884"
"-70","3","12.360852","0.009788","0.352167","1.640871"
"-60","3","11.780939","0.009529","0.307748","1.664725"
"-50","3","11.253","0.009309","0.270529","1.68981"
"-40","3","10.77035","0.009123","0.238974","1.716653"
"-30","3","10.327399","0.008971","0.211933","1.746022"
"-20","3","9.919443","0.900115","0.010609","1.386678"
"-10","3","9.542493","0.916213","0.011061","1.356984"
"0","3","9.193143","0.928488","0.011509","1.334234"
"10","3","8.868469","0.938227","0.011953","1.315761"
"20","3","8.565946","0.946143","0.012393","1.300226"
"30","3","8.283381","0.952687","0.01283","1.286833"
"40","3","8.018863","0.95817","0.013264","1.275069"
"50","3","7.770717","0.962816","0.013694","1.264587"
"60","3","7.537467","0.96679","0.01412","1.255144"
"70","3","7.317812","0.970218","0.014543","1.246564"
"80","3","7.110596","0.973196","0.014963","1.238713"
"90","3","6.914793","0.975801","0.015378","1.23149"
"100","3","6.729484","0.978093","0.01579","1.224815"
"110","3","6.553849","0.980121","0.016199","1.218623"
"120","3","6.387148","0.981922","0.016603","1.212863"
"130","3","6.228716","0.98353","0.017004","1.207489"
"140","3","6.077955","0.984971","0.017402","1.202465"
"150","3","5.934319","0.986266","0.017795","1.197758"
"160","3","5.797315","0.987434","0.018186","1.193341"
"-100","4","18.116149","0.013524","0.555923","1.573367"
"-90","4","17.127006","0.013029","0.47239","1.595305"
"-80","4","16.240286","0.012599","0.406138","1.61765"
"-70","4","15.440862","0.012225","0.352359","1.640593"
"-60","4","14.716449","0.011902","0.307927","1.664393"
"-50","4","14.056962","0.011626","0.270698","1.689411"
"-40","4","13.454047","0.011394","0.239136","1.716166"
"-30","4","12.900725","0.011204","0.212091","1.745421"
"-20","4","12.391117","0.011055","0.188673","1.778317"
"-10","4","11.92024","0.892921","0.011055","1.390997"
"0","4","11.483841","0.90916","0.011505","1.360405"
"10","4","11.078267","0.921823","0.011952","1.336714"
"20","4","10.700362","0.932017","0.012395","1.317433"
"30","4","10.34739","0.940392","0.012834","1.301229"
"40","4","10.01696","0.947378","0.013269","1.28729"
"50","4","9.706982","0.953278","0.0137","1.275083"
"60","4","9.415612","0.958311","0.014128","1.264248"
"70","4","9.141224","0.962644","0.014552","1.254525"
"80","4","8.882376","0.966402","0.014972","1.245724"
"90","4","8.637784","0.969684","0.015389","1.237704"
"100","4","8.406301","0.972569","0.015801","1.230353"
"110","4","8.186901","0.975117","0.01621","1.223584"
"120","4","7.978663","0.977379","0.016615","1.217327"
"130","4","7.780754","0.979397","0.017017","1.211522"
"140","4","7.592427","0.981204","0.017414","1.206122"
"150","4","7.413001","0.982827","0.017808","1.201086"
"160","4","7.241859","0.984291","0.018199","1.196378"
"-100","5","21.729802","0.01622","0.556198","1.573201"
"-90","5","20.543354","0.015627","0.472627","1.595108"
"-80","5","19.479758","0.015111","0.406349","1.617416"
"-70","5","18.520873","0.014662","0.352551","1.640316"
"-60","5","17.65196","0.014275","0.308105","1.664062"
"-50","5","16.860924","0.013943","0.270867","1.689012"
"-40","5","16.137745","0.013664","0.239298","1.715681"
"-30","5","15.47405","0.013436","0.212249","1.744822"
"-20","5","14.86279","0.013257","0.188829","1.777564"
"-10","5","14.297987","0.013132","0.168325","1.815648"
"0","5","13.774539","0.889041","0.011504","1.390165"
"10","5","13.288064","0.904925","0.011953","1.359893"
"20","5","12.834778","0.91756","0.012398","1.33612"
"30","5","12.411398","0.927867","0.012839","1.316653"
"40","5","12.015058","0.936422","0.013275","1.300246"
"50","5","11.643247","0.943621","0.013708","1.286119"
"60","5","11.293757","0.949745","0.014137","1.273755"
"70","5","10.964637","0.955005","0.014562","1.262793"
"80","5","10.654156","0.959559","0.014983","1.252973"
"90","5","10.360775","0.963531","0.0154","1.244103"
"100","5","10.083117","0.967016","0.015813","1.236037"
"110","5","9.819954","0.970092","0.016222","1.22866"
"120","5","9.570178","0.972821","0.016628","1.221882"
"130","5","9.332792","0.975253","0.01703","1.215628"
"140","5","9.106899","0.977428","0.017428","1.209838"
"150","5","8.891682","0.979382","0.017822","1.204461"
"160","5","8.686403","0.981143","0.018213","1.199454"
"-100","6","25.343456","0.018916","0.556473","1.573034"
"-90","6","23.959702","0.018224","0.472865","1.594912"
"-80","6","22.719231","0.017622","0.40656","1.617184"
"-70","6","21.600883","0.017099","0.352744","1.640039"
"-60","6","20.587471","0.016646","0.308284","1.663731"
"-50","6","19.664886","0.01626","0.271036","1.688614"
"-40","6","18.821443","0.015934","0.23946","1.715197"
"-30","6","18.047376","0.015667","0.212407","1.744225"
"-20","6","17.334463","0.015458","0.188985","1.776814"
"-10","6","16.675734","0.015311","0.168482","1.814681"
"0","6","16.065237","0.867992","0.011506","1.424506"
"10","6","15.497861","0.88747","0.011957","1.385734"
"20","6","14.969195","0.902742","0.012403","1.356508"
"30","6","14.475406","0.915095","0.012845","1.333227"
"40","6","14.013155","0.925293","0.013283","1.31401"
"50","6","13.579512","0.933839","0.013717","1.29774"
"60","6","13.171903","0.941088","0.014146","1.283694"
"70","6","12.78805","0.947299","0.014572","1.271386"
"80","6","12.425936","0.952667","0.014994","1.260469"
"90","6","12.083765","0.95734","0.015412","1.250694"
"100","6","11.759934","0.961436","0.015825","1.241871"
"110","6","11.453006","0.965047","0.016235","1.233855"
"120","6","11.161693","0.968247","0.016641","1.226532"
"130","6","10.88483","0.971096","0.017043","1.21981"
"140","6","10.621371","0.973644","0.017442","1.213615"
"150","6","10.370364","0.975931","0.017836","1.207886"
"160","6","10.130946","0.97799","0.018227","1.20257"
"-100","7","28.95711","0.021612","0.556748","1.572868"
"-90","7","27.37605","0.020821","0.473102","1.594715"
"-80","7","25.958703","0.020132","0.406771","1.616951"
"-70","7","24.680894","0.019534","0.352936","1.639763"
"-60","7","23.522982","0.019018","0.308463","1.663401"
"-50","7","22.468848","0.018575","0.271205","1.688217"
"-40","7","21.505141","0.018202","0.239622","1.714715"
"-30","7","20.620701","0.017897","0.212564","1.743631"
"-20","7","19.806137","0.017658","0.189141","1.776067"
"-10","7","19.053481","0.017489","0.168639","1.81372"
"0","7","18.355935","0.84583","0.011511","1.464893"
"10","7","17.707659","0.869385","0.011963","1.414814"
"20","7","17.103611","0.887527","0.01241","1.378873"
"30","7","16.539415","0.902058","0.012853","1.351097"
"40","7","16.011252","0.913979","0.013292","1.328666"
"50","7","15.515778","0.923926","0.013727","1.309994"
"60","7","15.050048","0.932336","0.014157","1.294096"
"70","7","14.611463","0.939523","0.014584","1.280323"
"80","7","14.197716","0.945722","0.015006","1.268227"
"90","7","13.806756","0.951111","0.015424","1.257486"
"100","7","13.436751","0.955827","0.015838","1.247861"
"110","7","13.086059","0.95998","0.016249","1.239172"
"120","7","12.753207","0.963657","0.016655","1.231279"
"130","7","12.436868","0.966928","0.017057","1.224069"
"140","7","12.135843","0.969851","0.017456","1.217454"
"150","7","11.849045","0.972473","0.017851","1.211361"
"160","7","11.57549","0.974833","0.018242","1.205727"
"-100","8","32.570763","0.024307","0.557023","1.572702"
"-90","8","30.792398","0.023417","0.473339","1.594519"
"-80","8","29.198176","0.022643","0.406983","1.616719"
"-70","8","27.760904","0.02197","0.353128","1.639487"
"-60","8","26.458492","0.021388","0.308641","1.663072"
"-50","8","25.27281","0.02089","0.271373","1.687822"
"-40","8","24.188838","0.02047","0.239784","1.714234"
"-30","8","23.194027","0.020126","0.212722","1.743038"
"-20","8","22.27781","0.019857","0.189296","1.775323"
"-10","8","21.431228","0.019666","0.168795","1.812763"
"0","8","20.646632","0.019559","0.150629","1.858051"
"10","8","19.917456","0.850574","0.011971","1.447907"
"20","8","19.238027","0.871873","0.012419","1.403557"
"30","8","18.603423","0.888734","0.012863","1.370438"
"40","8","18.009349","0.902469","0.013302","1.34431"
"50","8","17.452043","0.913875","0.013738","1.322938"
"60","8","16.928193","0.923485","0.014169","1.304994"
"70","8","16.434876","0.931676","0.014596","1.289627"
"80","8","15.969496","0.938725","0.015019","1.27626"
"90","8","15.529747","0.944842","0.015437","1.264488"
"100","8","15.113567","0.950189","0.015852","1.254014"
"110","8","14.719112","0.954891","0.016263","1.244616"
"120","8","14.344722","0.959051","0.016669","1.236126"
"130","8","13.988906","0.962748","0.017072","1.228408"
"140","8","13.650315","0.966049","0.017471","1.221357"
"150","8","13.327727","0.969008","0.017866","1.214887"
"160","8","13.020034","0.97167","0.018257","1.208926"
"-100","9","36.184417","0.027002","0.557298","1.572537"
"-90","9","34.208746","0.026013","0.473577","1.594323"
"-80","9","32.437648","0.025152","0.407194","1.616487"
"-70","9","30.840914","0.024404","0.353321","1.639212"
"-60","9","29.394003","0.023758","0.30882","1.662744"
"-50","9","28.076772","0.023204","0.271542","1.687427"
"-40","9","26.872536","0.022738","0.239946","1.713754"
"-30","9","25.767353","0.022355","0.212879","1.742448"
"-20","9","24.749484","0.022055","0.189452","1.774583"
"-10","9","23.808975","0.021841","0.168951","1.811811"
"0","9","22.93733","0.021721","0.150789","1.856785"
"10","9","22.127253","0.83092","0.011983","1.486094"
"20","9","21.372443","0.855728","0.012431","1.430996"
"30","9","20.667431","0.875098","0.012875","1.391459"
"40","9","20.007446","0.89075","0.013315","1.361052"
"50","9","19.388308","0.903678","0.01375","1.336636"
"60","9","18.806339","0.91453","0.014182","1.316428"
"70","9","18.258289","0.923753","0.014609","1.299321"
"80","9","17.741276","0.931673","0.015033","1.284583"
"90","9","17.252738","0.938533","0.015452","1.271709"
"100","9","16.790384","0.944521","0.015867","1.260335"
"110","9","16.352164","0.94978","0.016277","1.250191"
"120","9","15.936237","0.954428","0.016684","1.241075"
"130","9","15.540944","0.958555","0.017087","1.232828"
"140","9","15.164787","0.962237","0.017486","1.225325"
"150","9","14.806409","0.965537","0.017881","1.218465"
"160","9","14.464578","0.968503","0.018272","1.212166"
"-100","10","39.79807","0.029696","0.557573","1.572371"
"-90","10","37.625094","0.028608","0.473814","1.594128"
"-80","10","35.677121","0.027661","0.407405","1.616256"
"-70","10","33.920925","0.026839","0.353513","1.638938"
"-60","10","32.329514","0.026127","0.308998","1.662417"
"-50","10","30.880734","0.025518","0.27171","1.687033"
"-40","10","29.556234","0.025004","0.240107","1.713276"
"-30","10","28.340678","0.024582","0.213036","1.74186"
"-20","10","27.221157","0.024251","0.189607","1.773846"
"-10","10","26.186722","0.024015","0.169107","1.810864"
"0","10","25.228028","0.023882","0.150949","1.855527"
"10","10","24.337051","0.810268","0.011998","1.530937"
"20","10","23.50686","0.839033","0.012445","1.461755"
"30","10","22.731439","0.861122","0.012888","1.414415"
"40","10","22.005543","0.878806","0.013328","1.379023"
"50","10","21.324573","0.893328","0.013764","1.351158"
"60","10","20.684484","0.905467","0.014196","1.328437"
"70","10","20.081702","0.915753","0.014624","1.309429"
"80","10","19.513056","0.924564","0.015047","1.293212"
"90","10","18.975729","0.932183","0.015467","1.27916"
"100","10","18.467201","0.938822","0.015882","1.266831"
"110","10","17.985217","0.944647","0.016293","1.255901"
"120","10","17.527752","0.949788","0.0167","1.24613"
"130","10","17.092982","0.95435","0.017103","1.237331"
"140","10","16.679259","0.958417","0.017502","1.229359"
"150","10","16.28509","0.962059","0.017897","1.222096"
"160","10","15.909121","0.965331","0.018288","1.215449"
