"1.01","Sulphur Dioxide","S O2","17/05/2015"
"-10","0","2.96682","0.97044","0.011115","1.304999"
"0","0","2.858205","0.975087","0.011585","1.296583"
"10","0","2.757262","0.978716","0.012055","1.289489"
"20","0","2.663206","0.981609","0.012515","1.283327"
"30","0","2.575355","0.983955","0.012975","1.277854"
"40","0","2.493114","0.985886","0.013445","1.27291"
"50","0","2.415964","0.987497","0.013895","1.268388"
"60","0","2.343445","0.988855","0.014355","1.26421"
"70","0","2.275153","0.990012","0.014805","1.260319"
"80","0","2.210729","0.991007","0.015255","1.256676"
"90","0","2.149852","0.991868","0.015705","1.253248"
"100","0","2.092238","0.99262","0.016155","1.250011"
"110","0","2.037632","0.99328","0.016595","1.246945"
"120","0","1.985804","0.993863","0.017035","1.244034"
"130","0","1.936547","0.99438","0.017475","1.241265"
"140","0","1.889674","0.994842","0.017915","1.238629"
"150","0","1.845017","0.995256","0.018345","1.236114"
"160","0","1.802421","0.995628","0.018775","1.233713"
"170","0","1.761748","0.995964","0.019205","1.23142"
"180","0","1.722871","0.996268","0.019625","1.229227"
"190","0","1.685672","0.996545","0.020055","1.227129"
"200","0","1.650045","0.996797","0.020475","1.225121"
"210","0","1.615893","0.997027","0.020895","1.223198"
"220","0","1.583126","0.997238","0.021305","1.221355"
"230","0","1.551662","0.997432","0.021715","1.219589"
"240","0","1.521424","0.99761","0.022125","1.217896"
"250","0","1.492342","0.997774","0.022535","1.216272"
"-10","10","32.247061","0.022048","0.011115","1.65649"
"0","10","31.066499","0.021622","0.011585","1.677087"
"10","10","29.969324","0.021249","0.012055","1.699978"
"20","10","28.947004","0.020928","0.012515","1.725568"
"30","10","27.99213","0.020659","0.012975","1.754426"
"40","10","27.098241","0.020442","0.013445","1.787367"
"50","10","26.259676","0.020279","0.013895","1.825577"
"60","10","25.471452","0.861419","0.014355","1.437599"
"70","10","24.729169","0.878613","0.014805","1.403763"
"80","10","24.028923","0.892612","0.015255","1.378188"
"90","10","23.367243","0.904248","0.015705","1.357988"
"100","10","22.741027","0.914077","0.016155","1.341511"
"110","10","22.147499","0.922488","0.016595","1.327736"
"120","10","21.584164","0.929762","0.017035","1.315996"
"130","10","21.048776","0.93611","0.017475","1.305834"
"140","10","20.539306","0.941692","0.017915","1.296927"
"150","10","20.053915","0.946631","0.018345","1.289038"
"160","10","19.590937","0.951029","0.018775","1.281989"
"170","10","19.148853","0.954963","0.019205","1.275642"
"180","10","18.726281","0.958499","0.019625","1.269891"
"190","10","18.321957","0.96169","0.020055","1.26465"
"200","10","17.934723","0.96458","0.020475","1.25985"
"210","10","17.563519","0.967206","0.020895","1.255436"
"220","10","17.207369","0.969601","0.021305","1.251359"
"230","10","16.865377","0.971789","0.021715","1.247582"
"240","10","16.536713","0.973795","0.022125","1.244071"
"250","10","16.220614","0.975637","0.022535","1.240799"
"-10","20","61.527302","0.042026","0.011115","1.653979"
"0","20","59.274793","0.041208","0.011585","1.67416"
"10","20","57.181387","0.040492","0.012055","1.696537"
"20","20","55.230802","0.039873","0.012515","1.721478"
"30","20","53.408905","0.039352","0.012975","1.749504"
"40","20","51.703368","0.038928","0.013445","1.78135"
"50","20","50.103387","0.038606","0.013895","1.818075"
"60","20","48.599459","0.038393","0.014355","1.861258"
"70","20","47.183184","0.038302","0.014805","1.913358"
"80","20","45.847118","0.038354","0.015255","1.978444"
"90","20","44.584633","0.796093","0.015705","1.569057"
"100","20","43.389815","0.820683","0.016155","1.506164"
"110","20","42.257366","0.840666","0.016595","1.461304"
"120","20","41.182525","0.857308","0.017035","1.427362"
"130","20","40.161006","0.871419","0.017475","1.400598"
"140","20","39.188938","0.883551","0.017915","1.378843"
"150","20","38.262814","0.894097","0.018345","1.360742"
"160","20","37.379452","0.903348","0.018775","1.345402"
"170","20","36.535958","0.911523","0.019205","1.332207"
"180","20","35.729691","0.918796","0.019625","1.320717"
"190","20","34.958242","0.925302","0.020055","1.310608"
"200","20","34.219401","0.93115","0.020475","1.301637"
"210","20","33.511145","0.93643","0.020895","1.293613"
"220","20","32.831612","0.941215","0.021305","1.286391"
"230","20","32.179091","0.945567","0.021715","1.279852"
"240","20","31.552002","0.949538","0.022125","1.273902"
"250","20","30.948886","0.95317","0.022535","1.268462"
"-10","30","90.807543","0.061964","0.011115","1.651509"
"0","30","87.483086","0.060751","0.011585","1.671287"
"10","30","84.393449","0.059686","0.012055","1.693168"
"20","30","81.5146","0.058765","0.012515","1.717489"
"30","30","78.82568","0.057985","0.012975","1.744723"
"40","30","76.308494","0.057346","0.013445","1.775534"
"50","30","73.947099","0.056854","0.013895","1.810872"
"60","30","71.727465","0.056518","0.014355","1.85213"
"70","30","69.637199","0.056354","0.014805","1.901436"
"80","30","67.665312","0.056391","0.015255","1.96223"
"90","30","65.802024","0.056673","0.015705","2.040503"
"100","30","64.038604","0.057279","0.016155","2.147893"
"110","30","62.367232","0.739433","0.016595","1.736511"
"120","30","60.780885","0.771576","0.017035","1.626929"
"130","30","59.273236","0.797265","0.017475","1.554638"
"140","30","57.83857","0.818474","0.017915","1.502704"
"150","30","56.471712","0.836376","0.018345","1.463261"
"160","30","55.167967","0.851732","0.018775","1.432108"
"170","30","53.923062","0.865068","0.019205","1.406779"
"180","30","52.733102","0.876767","0.019625","1.385718"
"190","30","51.594527","0.887112","0.020055","1.367893"
"200","30","50.504079","0.896323","0.020475","1.352586"
"210","30","49.458771","0.904572","0.020895","1.339285"
"220","30","48.455855","0.911997","0.021305","1.327607"
"230","30","47.492805","0.91871","0.021715","1.317266"
"240","30","46.56729","0.924803","0.022125","1.308041"
"250","30","45.677158","0.930352","0.022535","1.299756"
"-10","40","120.087784","0.081864","0.011115","1.649077"
"0","40","115.69138","0.080251","0.011585","1.668466"
"10","40","111.605511","0.078834","0.012055","1.689869"
"20","40","107.798398","0.077604","0.012515","1.713595"
"30","40","104.242456","0.076559","0.012975","1.740074"
"40","40","100.913621","0.075697","0.013445","1.769908"
"50","40","97.79081","0.075025","0.013895","1.803947"
"60","40","94.855472","0.074553","0.014355","1.843423"
"70","40","92.091215","0.074301","0.014805","1.890187"
"80","40","89.483507","0.074299","0.015255","1.947161"
"90","40","87.019415","0.074601","0.015705","2.019275"
"100","40","84.687392","0.075293","0.016155","2.115667"
"110","40","82.477099","0.076535","0.016595","2.255817"
"120","40","80.379246","0.659195","0.017035","2.131326"
"130","40","78.385465","0.707032","0.017475","1.85958"
"140","40","76.488201","0.742823","0.017915","1.714816"
"150","40","74.680611","0.771337","0.018345","1.622545"
"160","40","72.956483","0.794881","0.018775","1.557687"
"170","40","71.310167","0.814782","0.019205","1.509186"
"180","40","69.736512","0.83189","0.019625","1.471329"
"190","40","68.230812","0.846784","0.020055","1.440841"
"200","40","66.788757","0.859882","0.020475","1.415692"
"210","40","65.406396","0.871494","0.020895","1.394551"
"220","40","64.080098","0.881859","0.021305","1.376506"
"230","40","62.80652","0.891165","0.021715","1.360905"
"240","40","61.582579","0.89956","0.022125","1.347275"
"250","40","60.405429","0.907168","0.022535","1.335257"
"-10","0","2.96682","0.97044","0.011115","1.304999"
"0","0","2.858205","0.975087","0.011585","1.296583"
"10","0","2.757262","0.978716","0.012055","1.289489"
"20","0","2.663206","0.981609","0.012515","1.283327"
"30","0","2.575355","0.983955","0.012975","1.277854"
"40","0","2.493114","0.985886","0.013445","1.27291"
"50","0","2.415964","0.987497","0.013895","1.268388"
"60","0","2.343445","0.988855","0.014355","1.26421"
"70","0","2.275153","0.990012","0.014805","1.260319"
"80","0","2.210729","0.991007","0.015255","1.256676"
"90","0","2.149852","0.991868","0.015705","1.253248"
"100","0","2.092238","0.99262","0.016155","1.250011"
"110","0","2.037632","0.99328","0.016595","1.246945"
"120","0","1.985804","0.993863","0.017035","1.244034"
"130","0","1.936547","0.99438","0.017475","1.241265"
"140","0","1.889674","0.994842","0.017915","1.238629"
"150","0","1.845017","0.995256","0.018345","1.236114"
"160","0","1.802421","0.995628","0.018775","1.233713"
"170","0","1.761748","0.995964","0.019205","1.23142"
"180","0","1.722871","0.996268","0.019625","1.229227"
"190","0","1.685672","0.996545","0.020055","1.227129"
"200","0","1.650045","0.996797","0.020475","1.225121"
"210","0","1.615893","0.997027","0.020895","1.223198"
"220","0","1.583126","0.997238","0.021305","1.221355"
"230","0","1.551662","0.997432","0.021715","1.219589"
"240","0","1.521424","0.99761","0.022125","1.217896"
"250","0","1.492342","0.997774","0.022535","1.216272"
"-10","1","5.894845","0.004034","0.011115","1.658785"
"0","1","5.679035","0.003957","0.011585","1.679768"
"10","1","5.478468","0.956423","0.012055","1.314518"
"20","1","5.291586","0.962576","0.012515","1.30407"
"30","1","5.117032","0.967498","0.012975","1.295387"
"40","1","4.953627","0.971507","0.013445","1.28796"
"50","1","4.800335","0.974825","0.013895","1.281463"
"60","1","4.656246","0.977606","0.014355","1.275684"
"70","1","4.520555","0.979964","0.014805","1.270474"
"80","1","4.392548","0.981983","0.015255","1.265727"
"90","1","4.271591","0.983727","0.015705","1.261366"
"100","1","4.157117","0.985245","0.016155","1.257331"
"110","1","4.048619","0.986575","0.016595","1.253579"
"120","1","3.94564","0.987748","0.017035","1.250072"
"130","1","3.84777","0.988787","0.017475","1.246783"
"140","1","3.754637","0.989714","0.017915","1.243689"
"150","1","3.665906","0.990543","0.018345","1.24077"
"160","1","3.581273","0.991288","0.018775","1.238011"
"170","1","3.500459","0.99196","0.019205","1.235398"
"180","1","3.423212","0.992569","0.019625","1.232919"
"190","1","3.3493","0.993122","0.020055","1.230563"
"200","1","3.278513","0.993625","0.020475","1.228323"
"210","1","3.210656","0.994085","0.020895","1.22619"
"220","1","3.145551","0.994506","0.021305","1.224157"
"230","1","3.083034","0.994892","0.021715","1.222217"
"240","1","3.022953","0.995247","0.022125","1.220365"
"250","1","2.965169","0.995575","0.022535","1.218596"
"-10","2","8.822869","0.006037","0.011115","1.658528"
"0","2","8.499864","0.005921","0.011585","1.679468"
"10","2","8.199675","0.00582","0.012055","1.702785"
"20","2","7.919965","0.942546","0.012515","1.328143"
"30","2","7.65871","0.950352","0.012975","1.315183"
"40","2","7.41414","0.956639","0.013445","1.304607"
"50","2","7.184706","0.961796","0.013895","1.295705"
"60","2","6.969047","0.966091","0.014355","1.288032"
"70","2","6.765956","0.969714","0.014805","1.281297"
"80","2","6.574367","0.972805","0.015255","1.275299"
"90","2","6.39333","0.975465","0.015705","1.269896"
"100","2","6.221996","0.977775","0.016155","1.264982"
"110","2","6.059606","0.979795","0.016595","1.260481"
"120","2","5.905476","0.981572","0.017035","1.25633"
"130","2","5.758993","0.983146","0.017475","1.252483"
"140","2","5.6196","0.984547","0.017915","1.248901"
"150","2","5.486796","0.985799","0.018345","1.245554"
"160","2","5.360124","0.986923","0.018775","1.242416"
"170","2","5.239169","0.987937","0.019205","1.239466"
"180","2","5.123553","0.988853","0.019625","1.236687"
"190","2","5.012929","0.989685","0.020055","1.234064"
"200","2","4.906981","0.990443","0.020475","1.231582"
"210","2","4.805418","0.991134","0.020895","1.229231"
"220","2","4.707975","0.991767","0.021305","1.227"
"230","2","4.614405","0.992347","0.021715","1.224881"
"240","2","4.524482","0.992881","0.022125","1.222866"
"250","2","4.437997","0.993372","0.022535","1.220947"
"-10","3","11.750893","0.00804","0.011115","1.658272"
"0","3","11.320693","0.007885","0.011585","1.679168"
"10","3","10.920881","0.00775","0.012055","1.702432"
"20","3","10.548345","0.007634","0.012515","1.728492"
"30","3","10.200387","0.932432","0.012975","1.337746"
"40","3","9.874652","0.941231","0.013445","1.323143"
"50","3","9.569078","0.94838","0.013895","1.311288"
"60","3","9.281847","0.954291","0.014355","1.301364"
"70","3","9.011358","0.959251","0.014805","1.292861"
"80","3","8.756187","0.963463","0.015255","1.28544"
"90","3","8.515069","0.967078","0.015705","1.278872"
"100","3","8.286875","0.970207","0.016155","1.272988"
"110","3","8.070592","0.972937","0.016595","1.267668"
"120","3","7.865312","0.975336","0.017035","1.26282"
"130","3","7.670216","0.977456","0.017475","1.258372"
"140","3","7.484564","0.97934","0.017915","1.25427"
"150","3","7.307686","0.981023","0.018345","1.250468"
"160","3","7.138976","0.982532","0.018775","1.246931"
"170","3","6.97788","0.983892","0.019205","1.243628"
"180","3","6.823894","0.985121","0.019625","1.240535"
"190","3","6.676557","0.986235","0.020055","1.237631"
"200","3","6.535448","0.987249","0.020475","1.234898"
"210","3","6.400181","0.988174","0.020895","1.232321"
"220","3","6.270399","0.989021","0.021305","1.229886"
"230","3","6.145776","0.989797","0.021715","1.227582"
"240","3","6.026011","0.99051","0.022125","1.225399"
"250","3","5.910824","0.991166","0.022535","1.223327"
"-10","4","14.678917","0.010043","0.011115","1.658016"
"0","4","14.141523","0.009849","0.011585","1.678869"
"10","4","13.642087","0.00968","0.012055","1.702079"
"20","4","13.176725","0.009535","0.012515","1.728071"
"30","4","12.742065","0.009413","0.012975","1.75745"
"40","4","12.335165","0.925224","0.013445","1.343937"
"50","4","11.953449","0.934541","0.013895","1.328427"
"60","4","11.594648","0.942185","0.014355","1.315811"
"70","4","11.256759","0.94856","0.014805","1.305249"
"80","4","10.938006","0.95395","0.015255","1.296207"
"90","4","10.636808","0.958558","0.015705","1.288331"
"100","4","10.351754","0.962536","0.016155","1.281374"
"110","4","10.081579","0.965999","0.016595","1.275159"
"120","4","9.825148","0.969035","0.017035","1.269555"
"130","4","9.581439","0.971715","0.017475","1.264462"
"140","4","9.349527","0.974093","0.017915","1.259804"
"150","4","9.128576","0.976214","0.018345","1.25552"
"160","4","8.917827","0.978115","0.018775","1.25156"
"170","4","8.71659","0.979826","0.019205","1.247886"
"180","4","8.524235","0.981371","0.019625","1.244464"
"190","4","8.340186","0.982772","0.020055","1.241268"
"200","4","8.163916","0.984045","0.020475","1.238274"
"210","4","7.994944","0.985206","0.020895","1.235462"
"220","4","7.832824","0.986268","0.021305","1.232816"
"230","4","7.677148","0.987241","0.021715","1.230321"
"240","4","7.52754","0.988135","0.022125","1.227964"
"250","4","7.383651","0.988957","0.022535","1.225735"
"-10","5","17.606941","0.012045","0.011115","1.657761"
"0","5","16.962352","0.011812","0.011585","1.678571"
"10","5","16.363293","0.011609","0.012055","1.701727"
"20","5","15.805105","0.011435","0.012515","1.727651"
"30","5","15.283742","0.011289","0.012975","1.756942"
"40","5","14.795678","0.908546","0.013445","1.367464"
"50","5","14.33782","0.920238","0.013895","1.347386"
"60","5","13.907449","0.929747","0.014355","1.331529"
"70","5","13.502161","0.937626","0.014805","1.318558"
"80","5","13.119826","0.944254","0.015255","1.30766"
"90","5","12.758547","0.949899","0.015705","1.298314"
"100","5","12.416633","0.954758","0.016155","1.290168"
"110","5","12.092566","0.958977","0.016595","1.282973"
"120","5","11.784984","0.962669","0.017035","1.276549"
"130","5","11.492662","0.965921","0.017475","1.270762"
"140","5","11.21449","0.968804","0.017915","1.26551"
"150","5","10.949466","0.971372","0.018345","1.260713"
"160","5","10.696679","0.973672","0.018775","1.256308"
"170","5","10.455301","0.975739","0.019205","1.252243"
"180","5","10.224576","0.977604","0.019625","1.248477"
"190","5","10.003814","0.979294","0.020055","1.244976"
"200","5","9.792384","0.98083","0.020475","1.24171"
"210","5","9.589706","0.982229","0.020895","1.238655"
"220","5","9.395248","0.983508","0.021305","1.23579"
"230","5","9.208519","0.984679","0.021715","1.233098"
"240","5","9.029068","0.985755","0.022125","1.230563"
"250","5","8.856478","0.986745","0.022535","1.228171"
"-10","6","20.534965","0.014046","0.011115","1.657506"
"0","6","19.783182","0.013775","0.011585","1.678273"
"10","6","19.0845","0.013538","0.012055","1.701376"
"20","6","18.433485","0.013335","0.012515","1.727232"
"30","6","17.82542","0.013164","0.012975","1.756436"
"40","6","17.25619","0.013027","0.013445","1.789833"
"50","6","16.722191","0.905423","0.013895","1.368499"
"60","6","16.220249","0.916949","0.014355","1.348708"
"70","6","15.747562","0.926431","0.014805","1.332902"
"80","6","15.301645","0.934365","0.015255","1.319873"
"90","6","14.880286","0.941095","0.015705","1.30887"
"100","6","14.481512","0.946868","0.016155","1.299402"
"110","6","14.103552","0.951868","0.016595","1.291132"
"120","6","13.74482","0.956234","0.017035","1.283817"
"130","6","13.403884","0.960074","0.017475","1.277284"
"140","6","13.079453","0.963472","0.017915","1.271397"
"150","6","12.770356","0.966496","0.018345","1.266056"
"160","6","12.47553","0.9692","0.018775","1.261179"
"170","6","12.194011","0.971629","0.019205","1.256703"
"180","6","11.924917","0.97382","0.019625","1.252577"
"190","6","11.667443","0.975803","0.020055","1.248757"
"200","6","11.420852","0.977603","0.020475","1.245208"
"210","6","11.184469","0.979243","0.020895","1.2419"
"220","6","10.957672","0.980741","0.021305","1.23881"
"230","6","10.739891","0.982113","0.021715","1.235914"
"240","6","10.530597","0.983372","0.022125","1.233195"
"250","6","10.329305","0.98453","0.022535","1.230637"
"-10","7","23.462989","0.016047","0.011115","1.657251"
"0","7","22.604011","0.015737","0.011585","1.677975"
"10","7","21.805706","0.015467","0.012055","1.701025"
"20","7","21.061864","0.015234","0.012515","1.726815"
"30","7","20.367097","0.015039","0.012975","1.755931"
"40","7","19.716703","0.014882","0.013445","1.789213"
"50","7","19.106562","0.890039","0.013895","1.392191"
"60","7","18.53305","0.903759","0.014355","1.36758"
"70","7","17.992964","0.914957","0.014805","1.348416"
"80","7","17.483465","0.924271","0.015255","1.332927"
"90","7","17.002026","0.932136","0.015705","1.320051"
"100","7","16.54639","0.93886","0.016155","1.309112"
"110","7","16.114539","0.944668","0.016595","1.29966"
"120","7","15.704656","0.949729","0.017035","1.291378"
"130","7","15.315107","0.954171","0.017475","1.284038"
"140","7","14.944416","0.958096","0.017915","1.277473"
"150","7","14.591246","0.961585","0.018345","1.271552"
"160","7","14.254382","0.964701","0.018775","1.266178"
"170","7","13.932722","0.967497","0.019205","1.261269"
"180","7","13.625258","0.970017","0.019625","1.256765"
"190","7","13.331071","0.972296","0.020055","1.252612"
"200","7","13.04932","0.974365","0.020475","1.248769"
"210","7","12.779231","0.976248","0.020895","1.2452"
"220","7","12.520096","0.977967","0.021305","1.241875"
"230","7","12.271262","0.97954","0.021715","1.23877"
"240","7","12.032126","0.980984","0.022125","1.235862"
"250","7","11.802132","0.982312","0.022535","1.233132"
"-10","8","26.391013","0.018048","0.011115","1.656997"
"0","8","25.42484","0.017699","0.011585","1.677679"
"10","8","24.526912","0.017395","0.012055","1.700675"
"20","8","23.690244","0.017133","0.012515","1.726398"
"30","8","22.908775","0.016913","0.012975","1.755428"
"40","8","22.177216","0.016736","0.013445","1.788596"
"50","8","21.490933","0.016604","0.013895","1.827115"
"60","8","20.845851","0.890138","0.014355","1.388429"
"70","8","20.238365","0.903179","0.014805","1.365262"
"80","8","19.665284","0.913958","0.015255","1.346919"
"90","8","19.123765","0.923015","0.015705","1.331916"
"100","8","18.611269","0.93073","0.016155","1.319337"
"110","8","18.125526","0.937375","0.016595","1.308583"
"120","8","17.664492","0.94315","0.017035","1.299247"
"130","8","17.22633","0.94821","0.017475","1.291039"
"140","8","16.809379","0.952675","0.017915","1.283746"
"150","8","16.412135","0.956637","0.018345","1.27721"
"160","8","16.033234","0.960173","0.018775","1.271308"
"170","8","15.671432","0.963343","0.019205","1.265945"
"180","8","15.325599","0.966197","0.019625","1.261045"
"190","8","14.9947","0.968776","0.020055","1.256545"
"200","8","14.677787","0.971115","0.020475","1.252396"
"210","8","14.373994","0.973243","0.020895","1.248555"
"220","8","14.082521","0.975185","0.021305","1.244988"
"230","8","13.802634","0.976962","0.021715","1.241666"
"240","8","13.533655","0.978592","0.022125","1.238563"
"250","8","13.27496","0.98009","0.022535","1.235657"
"-10","9","29.319037","0.020048","0.011115","1.656743"
"0","9","28.24567","0.019661","0.011585","1.677382"
"10","9","27.248118","0.019322","0.012055","1.700326"
"20","9","26.318624","0.019031","0.012515","1.725982"
"30","9","25.450452","0.018786","0.012975","1.754926"
"40","9","24.637728","0.018589","0.013445","1.78798"
"50","9","23.875305","0.018442","0.013895","1.826345"
"60","9","23.158651","0.876042","0.014355","1.411617"
"70","9","22.483767","0.891074","0.014805","1.383632"
"80","9","21.847104","0.90341","0.015255","1.361962"
"90","9","21.245504","0.913723","0.015705","1.344536"
"100","9","20.676148","0.922471","0.016155","1.33012"
"110","9","20.136512","0.929983","0.016595","1.317931"
"120","9","19.624328","0.936496","0.017035","1.307446"
"130","9","19.137553","0.942191","0.017475","1.298299"
"140","9","18.674343","0.947207","0.017915","1.290227"
"150","9","18.233025","0.951653","0.018345","1.283036"
"160","9","17.812085","0.955616","0.018775","1.276577"
"170","9","17.410143","0.959165","0.019205","1.270735"
"180","9","17.02594","0.962357","0.019625","1.265419"
"190","9","16.658328","0.96524","0.020055","1.260557"
"200","9","16.306255","0.967853","0.020475","1.256089"
"210","9","15.968756","0.97023","0.020895","1.251966"
"220","9","15.644945","0.972397","0.021305","1.248149"
"230","9","15.334005","0.974378","0.021715","1.244603"
"240","9","15.035184","0.976195","0.022125","1.241299"
"250","9","14.747787","0.977865","0.022535","1.238213"
"-10","10","32.247061","0.022048","0.011115","1.65649"
"0","10","31.066499","0.021622","0.011585","1.677087"
"10","10","29.969324","0.021249","0.012055","1.699978"
"20","10","28.947004","0.020928","0.012515","1.725568"
"30","10","27.99213","0.020659","0.012975","1.754426"
"40","10","27.098241","0.020442","0.013445","1.787367"
"50","10","26.259676","0.020279","0.013895","1.825577"
"60","10","25.471452","0.861419","0.014355","1.437599"
"70","10","24.729169","0.878613","0.014805","1.403763"
"80","10","24.028923","0.892612","0.015255","1.378188"
"90","10","23.367243","0.904248","0.015705","1.357988"
"100","10","22.741027","0.914077","0.016155","1.341511"
"110","10","22.147499","0.922488","0.016595","1.327736"
"120","10","21.584164","0.929762","0.017035","1.315996"
"130","10","21.048776","0.93611","0.017475","1.305834"
"140","10","20.539306","0.941692","0.017915","1.296927"
"150","10","20.053915","0.946631","0.018345","1.289038"
"160","10","19.590937","0.951029","0.018775","1.281989"
"170","10","19.148853","0.954963","0.019205","1.275642"
"180","10","18.726281","0.958499","0.019625","1.269891"
"190","10","18.321957","0.96169","0.020055","1.26465"
"200","10","17.934723","0.96458","0.020475","1.25985"
"210","10","17.563519","0.967206","0.020895","1.255436"
"220","10","17.207369","0.969601","0.021305","1.251359"
"230","10","16.865377","0.971789","0.021715","1.247582"
"240","10","16.536713","0.973795","0.022125","1.244071"
"250","10","16.220614","0.975637","0.022535","1.240799"
