53,2,3,4,5,6,7,8,9,10,11,12,13,14,15,16,17,18,19,20,21,22,23,24,25,26,27,28,29,30,31,32,33,34,35,36,37,38,39,40,41,42,43,44,45,46,47,48,49,50,51,52,53
nb,nb,od,thickness,hub-x,hub-a,thd thk,lapped thk,wn thk,SO Bore,rf dia,rf height,rtj rf dia,rtj rf height,ring no,dist betwn flgs,socket depth,nb,pcd,no of bolts,bolt size unc,mc bolt length,rf sb length,rtj sb len,hole size,iso sb size,wn kg,so kg,bld kg,hole size for calc,nb,Lapped Bore,hub rad,lapped rad,bld thk,rtj dia,rtj depth,rtj width,rtj root rad,bolts wt rf,bolts wt rtj,long neck id,long neck od,weld flat,lapped tk,0,0,holes,dia,37.5*,23*,See Buttwelding Fittings,As Required
0+1/8,6,N/A,N/A,N/A,N/A,N/A,N/A,N/A,N/A,N/A,N/A,N/A,N/A,N/A,N/A,N/A,N/A,N/A,N/A,N/A,N/A,N/A,N/A,N/A,N/A,N/A,N/A,N/A,N/A,N/A,N/A,N/A,N/A,N/A,N/A,N/A,N/A,N/A,N/A,N/A,N/A,N/A,N/A,N/A,N/A,N/A,N/A,N/A,N/A,N/A,N/A,N/A
0+1/4,8,N/A,N/A,N/A,13.7,N/A,N/A,N/A,N/A,N/A,N/A,N/A,N/A,N/A,N/A,N/A,N/A,N/A,N/A,N/A,N/A,N/A,N/A,N/A,N/A,N/A,N/A,N/A,N/A,N/A,N/A,N/A,N/A,N/A,N/A,N/A,N/A,N/A,N/A,N/A,N/A,N/A,N/A,N/A,0,0,holes,dia,37.5*,23*,See Buttwelding Fittings,As Required
0+3/8,10,N/A,N/A,N/A,17.1,N/A,N/A,N/A,N/A,N/A,N/A,N/A,N/A,N/A,N/A,N/A,N/A,N/A,N/A,N/A,N/A,N/A,N/A,N/A,N/A,N/A,N/A,N/A,N/A,N/A,N/A,N/A,N/A,N/A,N/A,N/A,N/A,N/A,N/A,N/A,N/A,N/A,N/A,N/A,0,0,holes,dia,37.5*,23*,See Buttwelding Fittings,As Required
0+1/2,15,133,30.2,43,21.3,40,40,73,0,34.9,6.4,65,6.35,13,4,N/A,0+1/2,88.9,4,0+3/4,,120,120,0+7/8,20,3.3,3.2,3.2,22.225,0+1/2,22.9,0,0,30.2,42.88,6.35,8.74,0.8,1.62,1.62,N/A,43,1.6,30.2,79.4,79.35,holes,dia,37.5*,23*,See Buttwelding Fittings,As Required
0+3/4,20,140,31.8,51,26.7,43,43,79,0,42.9,6.4,73,6.35,16,4,N/A,0+3/4,95.2,4,0+3/4,,125,125,0+7/8,20,3.7,3.7,3.7,22.225,0+3/4,28.2,0,0,31.8,50.8,6.35,8.74,0.8,1.66,1.66,N/A,51,1.6,31.8,85.4,85.35,holes,dia,37.5*,23*,See Buttwelding Fittings,As Required
1,25,159,35.1,57,33.4,48,48,89,0,50.8,6.4,82.5,6.35,18,4,N/A,1,108,4,0+7/8,,140,140,1,24,5.5,5,5,25.4,1,34.9,0,0,35,60.33,6.35,8.74,0.8,2.76,2.76,N/A,57,1.6,35,95.4,95.35,holes,dia,37.5*,23*,See Buttwelding Fittings,As Required
1+1/4,32,184,38.1,73,42.2,52,52,95,0,63.5,6.4,102,7.92,21,3,N/A,1+1/4,130,4,1,,150,150,1+1/8,27,7.8,7.5,7.8,28.575,1+1/4,43.7,0,0,38.1,72.23,7.92,11.91,0.8,3.91,3.91,N/A,73,1.6,38.1,101.4,102.92,holes,dia,37.5*,23*,See Buttwelding Fittings,As Required
1+1/2,40,203,44.4,79,48.3,60,60,111,0,73,6.4,114,7.92,23,3,N/A,1+1/2,146,4,1+1/8,,170,170,1+1/4,30,11.5,10,10.5,31.75,1+1/2,50,0,0,44.5,82.55,7.92,11.91,0.8,5.44,5.44,N/A,79,1.6,44.5,117.4,118.92,holes,dia,37.5*,23*,See Buttwelding Fittings,As Required
2,50,235,50.8,95,60.3,70,70,127,0,92.1,6.4,133,7.92,26,3,N/A,2,171.4,8,1,,180,180,1+1/8,27,19,17.5,18,28.575,2,62.5,0,0,50.9,101.6,7.92,11.91,0.8,8.74,8.74,N/A,95,1.6,50.9,133.4,134.92,holes,dia,37.5*,23*,See Buttwelding Fittings,As Required
2+1/2,65,267,57.2,114,73,79,79,143,0,104.8,6.4,149,9.53,28,3,N/A,2+1/2,196.8,8,1+1/8,,195,205,1+1/4,30,24,23,25.5,31.75,2+1/2,75.4,0,0,57.2,111.13,9.52,13.49,1.5,11.81,12.19,N/A,114,1.6,57.2,149.4,152.53,holes,dia,37.5*,23*,See Buttwelding Fittings,As Required
3,80,305,66.5,133,88.9,N/A,92,168,0,127,6.4,168,9.53,32,3,N/A,3,228.6,8,1+1/4,,220,230,1+3/8,33,42.8,37.8,39,34.925,3,91.4,0,0,66.7,127,9.52,13.49,1.5,15.86,16.32,N/A,133,1.6,66.7,174.4,177.53,holes,dia,37.5*,23*,See Buttwelding Fittings,As Required
3+1/2,90,N/A,N/A,N/A,N/A,N/A,N/A,N/A,N/A,139.7,N/A,N/A,N/A,N/A,N/A,,N/A,N/A,N/A,N/A,N/A,N/A,N/A,N/A,N/A,N/A,N/A,N/A,N/A,N/A,104.1,N/A,N/A,N/A,N/A,N/A,N/A,0,N/A,N/A,N/A,N/A,N/A,N/A,0,0,holes,dia,37.5*,23*,See Buttwelding Fittings,As Required
4,100,356,76.2,165,114.3,N/A,108,190,0,157.2,6.4,203,11.13,38,4,,4,273,8,1+1/2,,255,260,1+5/8,39,66,57,61.5,41.275,4,116.8,0,0,76.2,157.18,11.13,16.66,1.5,27.03,27.37,N/A,165,1.6,76.2,196.4,201.13,holes,dia,37.5*,23*,See Buttwelding Fittings,As Required
5,125,419,91.9,203,141.3,N/A,130,229,0,185.7,6.4,241,12.7,42,4,,5,323.8,8,1+3/4,,300,310,1+7/8,45,111,95,102,47.625,5,144.4,0,0,92.1,190.5,12.7,19.84,1.5,36.38,37.17,N/A,203,1.6,92.1,235.4,241.7,holes,dia,37.5*,23*,See Buttwelding Fittings,As Required
6,150,483,108,235,168.3,N/A,152,273,0,215.9,6.4,279,12.7,47,4,,6,368.3,8,2,,345,355,2+1/8,52,173,148,157,53.975,6,171.4,0,0,108,228.6,12.7,19.84,1.5,66.02,67.25,N/A,235,1.6,108,279.4,285.7,holes,dia,37.5*,23*,See Buttwelding Fittings,As Required
8,200,552,127,305,219.1,N/A,178,318,0,269.7,6.4,340,14.27,51,5,,8,438.2,12,2,,380,395,2+1/8,52,264,221,241,53.975,8,222.2,0,0,127,279.4,14.27,23.01,1.5,105.5,108.27,N/A,305,1.6,127,324.4,332.27,holes,dia,37.5*,23*,See Buttwelding Fittings,As Required
10,250,673,165.1,375,273,N/A,229,419,0,323.8,6.4,425,17.48,55,6,,10,539.8,12,2+1/2,,490,510,2+5/8,64,490,425,470,66.675,10,277.4,0,0,165.1,342.9,17.48,30.18,2.4,194.74,200.28,N/A,375,1.6,165.1,425.4,436.48,holes,dia,37.5*,23*,See Buttwelding Fittings,As Required
12,300,762,184.2,441,323.8,N/A,254,464,0,381,6.4,495,17.48,60,8,,12,619.3,12,2+3/4,,540,560,2+7/8,72,695,500,575,73.025,12,328.2,0,0,184.2,406.4,17.48,33.32,2.4,269.63,276.71,N/A,441,1.6,184.2,470.4,481.48,holes,dia,37.5*,23*,See Buttwelding Fittings,As Required
14,N/A,N/A,N/A,N/A,N/A,N/A,N/A,N/A,N/A,N/A,N/A,N/A,N/A,N/A,N/A,N/A,N/A,N/A,N/A,N/A,N/A,N/A,N/A,N/A,N/A,N/A,N/A,N/A,N/A,N/A,360.2,N/A,N/A,N/A,N/A,N/A,N/A,N/A,N/A,N/A,N/A,N/A,N/A,N/A,0,0,holes,dia,37.5*,23*,See Buttwelding Fittings,As Required
16,N/A,N/A,N/A,N/A,N/A,N/A,N/A,N/A,N/A,N/A,N/A,N/A,N/A,N/A,N/A,N/A,N/A,N/A,N/A,N/A,N/A,N/A,N/A,N/A,N/A,N/A,N/A,N/A,N/A,N/A,411.2,N/A,N/A,N/A,N/A,N/A,N/A,N/A,N/A,N/A,N/A,N/A,N/A,N/A,0,0,holes,dia,37.5*,23*,See Buttwelding Fittings,As Required
18,N/A,N/A,N/A,N/A,N/A,N/A,N/A,N/A,N/A,N/A,N/A,N/A,N/A,N/A,N/A,N/A,N/A,N/A,N/A,N/A,N/A,N/A,N/A,N/A,N/A,N/A,N/A,N/A,N/A,N/A,462.3,N/A,N/A,N/A,N/A,N/A,N/A,N/A,N/A,N/A,N/A,N/A,N/A,N/A,0,0,holes,dia,37.5*,23*,See Buttwelding Fittings,As Required
20,N/A,N/A,N/A,N/A,N/A,N/A,N/A,N/A,N/A,N/A,N/A,N/A,N/A,N/A,N/A,N/A,N/A,N/A,N/A,N/A,N/A,N/A,N/A,N/A,N/A,N/A,N/A,N/A,N/A,N/A,514.4,N/A,N/A,N/A,N/A,N/A,N/A,N/A,N/A,N/A,N/A,N/A,N/A,N/A,0,0,holes,dia,37.5*,23*,See Buttwelding Fittings,As Required
22,N/A,N/A,N/A,N/A,N/A,N/A,N/A,N/A,N/A,N/A,N/A,N/A,N/A,N/A,N/A,N/A,N/A,N/A,N/A,N/A,N/A,N/A,N/A,N/A,N/A,N/A,N/A,N/A,N/A,N/A,N/A,N/A,N/A,N/A,N/A,N/A,N/A,N/A,N/A,N/A,N/A,N/A,N/A,N/A,0,0,holes,dia,37.5*,23*,See Buttwelding Fittings,As Required
24,N/A,N/A,N/A,N/A,N/A,N/A,N/A,N/A,N/A,N/A,N/A,N/A,N/A,N/A,N/A,N/A,N/A,N/A,N/A,N/A,N/A,N/A,N/A,N/A,N/A,N/A,N/A,N/A,N/A,N/A,616,N/A,N/A,N/A,N/A,N/A,N/A,N/A,N/A,N/A,N/A,N/A,N/A,N/A,0,0,holes,dia,37.5*,23*,See Buttwelding Fittings,As Required
